TICKER;PRECO;DY;P/L;P/VP;P/ATIVOS;MARGEM BRUTA;MARGEM EBIT;MARG. LIQUIDA;P/EBIT;EV/EBIT;DIVIDA LIQUIDA / EBIT;DIV. LIQ. / PATRI.;PSR;P/CAP. GIRO;P. AT CIR. LIQ.;LIQ. CORRENTE;ROE;ROA;ROIC;PATRIMONIO / ATIVOS;PASSIVOS / ATIVOS;GIRO ATIVOS;CAGR RECEITAS 5 ANOS;CAGR LUCROS 5 ANOS; LIQUIDEZ MEDIA DIARIA
AALR3;10,20;0,85;65,05;0,93;0,46;24,40;10,06;1,77;11,45;16,84;5,39;0,44;1,15;-85,25;-0,60;0,98;1,43;0,71;4,36;0,49;0,51;0,40;8,93;;5.231.393,18
ABCB4;14,00;7,50;6,24;0,76;0,06;4,20;2,22;8,62;24,19;24,19;;;0,54;105,14;-0,22;1,00;12,10;1,00;;0,08;0,92;0,12;0,06;5,06;10.578.054,58
ABEV3;12,55;3,91;18,54;2,74;1,74;57,74;28,59;20,26;13,14;12,49;-0,65;-0,14;3,76;33,65;-2,39;1,23;14,77;9,37;19,35;0,63;0,37;0,46;2,40;-1,10;348.133.814,75
ADHM3;2,34;;-2,84;-0,89;73,13;100,00;-13.548,48;-18.860,61;-3,96;-3,96;0,00;;536,26;-0,99;-80,81;0,00;31,47;-2.571,90;22,61;-81,72;82,72;0,14;;;434.553,75
AFLT3;8,16;1,29;20,82;2,34;2,23;64,59;63,12;63,86;21,06;18,74;-2,32;-0,26;13,29;6,62;-3,44;23,21;11,23;10,71;10,08;0,95;0,05;0,17;7,09;14,86;42.725,77
AGRO3;19,90;4,67;13,80;1,12;0,64;35,39;26,42;17,94;9,37;13,51;4,14;0,49;2,48;4,53;-0,90;1,96;8,12;4,63;6,97;0,57;0,43;0,26;8,20;-0,42;3.228.745,00
AHEB3;19,99;;-6,73;6,28;0,65;28,11;-15,63;-16,95;-7,29;;1,16;-1,00;1,14;-9,78;-0,77;0,71;-93,28;-9,67;-86,06;0,10;0,90;0,57;-10,01;;4.766,00
AHEB5;19,95;;-6,71;6,26;0,65;28,11;-15,63;-16,95;-7,28;;1,16;-1,00;1,14;-9,76;-0,77;0,71;-93,28;-9,67;-86,06;0,10;0,90;0,57;-10,01;;2.899,50
AHEB6;80,00;;-26,92;25,11;2,60;28,11;-15,63;-16,95;-29,18;;1,16;-1,00;4,56;-39,15;-3,10;0,71;-93,28;-9,67;-86,06;0,10;0,90;0,57;-10,01;;
ALPA3;21,25;0,24;52,25;4,36;2,38;51,19;8,15;6,80;43,56;46,21;-1,11;-0,11;3,55;9,24;-5,73;1,79;8,35;4,55;6,00;0,55;0,45;0,67;-1,67;-0,30;49.446,97
ALPA4;25,02;0,22;61,52;5,14;2,80;51,19;8,15;6,80;51,29;46,21;-1,11;-0,11;4,18;10,88;-6,75;1,79;8,35;4,55;6,00;0,55;0,45;0,67;-1,67;-0,30;56.206.802,95
ALPK3;9,50;;;3,11;0,75;;;;;;;2,46;;-7,28;-0,83;0,50;0,00;0,00;;0,24;0,76;0,00;;;9.774.197,09
ALSC3;27,75;;36,58;2,15;1,20;75,71;65,32;29,30;16,41;14,85;-1,56;-0,20;10,72;9,41;-1,43;5,39;5,88;3,29;11,21;0,56;0,44;0,11;1,42;-6,67;
ALSO3;25,55;;53,92;0,89;0,62;71,07;39,35;14,34;19,65;15,39;-4,26;-0,19;7,73;4,42;-0,74;9,03;1,65;1,15;3,72;0,70;0,30;0,08;17,55;-22,61;68.854.364,95
ALUP11;24,87;2,77;4,44;0,97;0,38;53,72;53,24;35,74;2,98;4,88;1,90;0,62;1,59;2,17;-0,52;2,61;21,77;8,47;11,83;0,39;0,61;0,24;25,19;23,51;20.484.908,33
ALUP3;9,98;2,30;5,35;1,16;0,45;53,72;53,24;35,74;3,59;4,88;1,90;0,62;1,91;2,61;-0,63;2,61;21,77;8,47;11,83;0,39;0,61;0,24;25,19;23,51;270.274,03
ALUP4;7,47;3,08;4,00;0,87;0,34;53,72;53,24;35,74;2,69;4,88;1,90;0,62;1,43;1,96;-0,47;2,61;21,77;8,47;11,83;0,39;0,61;0,24;25,19;23,51;178.025,30
AMAR3;7,59;;-11,12;1,50;581,04;45,06;-0,34;-6,27;-205,92;-309,71;-103,79;0,76;0,70;2,48;-1,27;1,76;-13,49;-5.225,39;-1,33;387,34;612,66;833,08;-1,85;;51.541.970,08
ANDG3B;153,00;;318,25;11,82;10,00;47,12;179,06;45,82;81,43;41,65;0,93;0,13;145,82;-134,40;-10,27;0,26;3,71;3,14;12,68;0,85;0,15;0,07;19,77;-21,98;
ANDG4B;0,00;;0,00;0,00;0,00;47,12;179,06;45,82;0,00;41,65;0,93;0,13;0,00;0,00;0,00;0,26;3,71;3,14;12,68;0,85;0,15;0,07;19,77;-21,98;
ANIM3;21,93;;-36,63;1,46;0,73;44,54;5,91;-5,37;33,29;37,28;3,99;0,18;1,97;2,58;-1,17;3,81;-4,00;-1,98;2,39;0,50;0,50;0,37;7,19;;15.359.275,40
APER3;19,09;;-98,90;1,24;0,83;100,00;-2,57;-2,36;-90,67;-57,89;32,78;-0,45;2,33;3,44;-1,37;2,61;-1,26;-0,84;-1,38;0,67;0,33;0,36;-13,74;;793.295,08
APTI3;0,00;;0,00;0,00;0,00;40,52;1,16;-19,35;0,00;139,08;61,64;0,15;0,00;0,00;0,00;1,05;-3,95;-2,14;-0,75;0,54;0,46;0,11;-7,21;;
APTI4;3.500,00;;-6,96;0,28;0,15;40,52;1,16;-19,35;116,64;139,08;61,64;0,15;1,35;20,61;-0,18;1,05;-3,95;-2,14;-0,75;0,54;0,46;0,11;-7,21;;
ARZZ3;42,10;1,37;23,22;5,07;2,01;46,23;13,74;9,83;16,62;16,60;-0,01;0,00;2,28;4,86;-7,84;2,26;21,82;8,65;13,02;0,40;0,60;0,88;8,43;6,26;24.370.458,38
ATMP3;5,00;;-0,28;-0,71;0,09;-17,07;-29,80;-48,96;-0,46;-1,97;-1,51;;0,14;-0,50;-0,11;0,49;255,17;-32,62;-102,93;-0,13;1,13;0,67;-18,47;;141.902,93
ATOM3;1,61;;7,09;3,81;1,80;100,00;20,57;44,32;15,27;9,49;-5,78;-1,44;3,14;1,94;-254,90;15,01;53,70;25,37;22,51;0,47;0,53;0,57;;;184.052,13
AZEV3;3,91;;-0,16;-0,10;0,38;-159,65;-329,52;-533,18;-0,26;-0,61;-0,37;;0,87;-0,13;-0,61;0,11;59,03;-237,00;61,63;-4,02;5,02;0,44;-31,81;;39.435,20
AZEV4;3,50;;-0,15;-0,09;0,34;-159,65;-329,52;-533,18;-0,24;-0,61;-0,37;;0,77;-0,12;-0,55;0,11;59,03;-237,00;61,63;-4,02;5,02;0,44;-31,81;;163.388,80
AZUL4;14,30;;-2,07;-1,87;0,96;-0,78;-11,73;-74,27;-13,12;-27,25;-14,13;;1,54;-2,91;-1,18;0,37;90,10;-46,19;-15,39;-0,51;1,51;0,62;12,83;;226.545.028,13
B3SA3;45,77;3,13;30,09;3,79;2,29;90,59;53,84;44,09;24,64;23,15;-1,50;-0,23;13,27;49,78;-3,22;1,19;12,58;7,61;10,47;0,61;0,39;0,17;24,30;4,25;596.418.175,88
BAHI3;69,60;;-8,47;1,46;0,37;37,60;-21,32;-22,67;-9,01;-8,11;0,90;-0,15;1,92;-5,90;-0,43;0,69;-17,21;-4,38;-13,86;0,25;0,75;0,19;;;70.305,31
BALM3;13,50;6,81;31,55;1,22;0,69;51,76;5,48;2,81;16,17;16,02;2,14;0,16;0,89;2,52;-1,68;1,88;3,88;2,20;2,12;0,57;0,43;0,78;5,91;-22,49;21.941,43
BALM4;9,68;9,50;22,62;0,88;0,50;51,76;5,48;2,81;11,59;16,02;2,14;0,16;0,64;1,81;-1,21;1,88;3,88;2,20;2,12;0,57;0,43;0,78;5,91;-22,49;46.281,53
BAUH4;89,99;0,95;17,50;6,55;3,88;25,27;8,87;14,91;29,40;27,19;-2,21;-0,49;2,61;22,33;-8,66;1,46;37,43;22,18;9,01;0,59;0,41;1,49;9,62;37,22;148.599,00
BAZA3;31,72;12,24;3,42;0,43;0,05;34,43;27,13;18,28;2,30;2,30;;;0,62;-0,17;-0,07;0,57;12,52;1,34;;0,11;0,89;0,07;0,75;2,03;145.390,48
BBAS3;30,90;6,51;5,16;0,87;0,05;13,61;3,41;11,90;18,01;18,01;;;0,61;-0,30;-0,12;0,75;16,80;1,03;;0,06;0,94;0,09;-7,56;3,64;664.540.004,08
BBDC3;17,79;10,62;7,83;1,22;0,13;-2,42;-6,38;22,82;-28,03;-29,03;;;1,79;-1,28;-0,25;0,83;15,55;1,62;;0,10;0,90;0,07;1,64;3,03;108.852.993,43
BBDC4;19,05;10,91;8,39;1,30;0,14;-2,42;-6,38;22,82;-30,02;-29,03;;;1,91;-1,38;-0,26;0,83;15,55;1,62;;0,10;0,90;0,07;1,64;3,03;834.620.992,63
BBML3;0,00;;0,00;0,00;0,00;9,04;4,18;2,26;0,00;6,15;6,15;1,30;0,00;0,00;0,00;1,09;11,38;2,07;4,62;0,18;0,82;0,92;31,59;36,97;
BBRK3;2,20;;-1,13;0,31;0,20;72,37;-53,25;-51,99;-1,10;-0,33;0,77;-0,22;0,59;2,59;-0,26;1,49;-27,32;-17,56;-29,61;0,64;0,36;0,34;-3,93;;537.034,83
BBSE3;25,20;11,15;7,72;8,27;4,32;;;;5,92;5,92;;;;37,04;-8,04;1,34;107,08;55,99;;0,52;0,48;0,00;;9,62;128.130.735,60
BDLL3;24,01;;-0,37;3,05;0,05;-30,98;-156,33;-193,35;-0,45;-2,96;-2,70;18,15;0,71;-0,23;-0,07;0,62;-831,33;-12,49;-35,48;0,02;0,98;0,06;-27,84;;2.401,00
BDLL4;7,00;;-0,11;0,89;0,01;-30,98;-156,33;-193,35;-0,13;-2,96;-2,70;18,15;0,21;-0,07;-0,02;0,62;-831,33;-12,49;-35,48;0,02;0,98;0,06;-27,84;;18.017,37
BEEF3;13,35;;20,34;11,18;0,40;19,26;8,70;1,82;4,24;7,78;3,54;9,32;0,37;1,31;-1,18;1,88;54,99;1,98;11,35;0,04;0,96;1,09;12,45;;112.594.758,55
BEES3;5,37;6,83;7,28;1,09;0,06;37,73;16,09;11,37;5,15;5,15;;;0,83;-0,44;-0,14;0,80;14,97;0,86;;0,06;0,94;0,08;-1,26;6,59;195.482,30
BEES4;5,37;6,43;7,28;1,09;0,06;37,73;16,09;11,37;5,15;5,15;;;0,83;-0,44;-0,14;0,80;14,97;0,86;;0,06;0,94;0,08;-1,26;6,59;39.119,13
BFRE11;0,00;;0,00;0,00;0,00;;;;0,00;;-12,33;-0,28;;0,00;0,00;13,26;6,67;6,42;-1,16;0,96;0,04;0,00;;6,98;
BFRE12;0,00;;0,00;0,00;0,00;;;;0,00;;-12,33;-0,28;;0,00;0,00;13,26;6,67;6,42;-1,16;0,96;0,04;0,00;;6,98;
BGIP3;42,60;4,60;7,79;1,50;0,12;58,34;17,15;12,26;5,57;4,26;;;0,95;-1,91;-0,32;0,91;19,27;1,51;;0,08;0,92;0,12;2,22;25,22;11.762,00
BGIP4;22,57;9,56;4,13;0,80;0,06;58,34;17,15;12,26;2,95;4,26;;;0,51;-1,01;-0,17;0,91;19,27;1,51;;0,08;0,92;0,12;2,22;25,22;40.730,19
BIDI11;33,56;0,53;138,91;3,68;0,76;51,80;0,04;6,49;22.340,25;22.340,25;;;9,01;7,74;-1,96;1,19;2,65;0,54;;0,21;0,79;0,08;11,95;18,54;31.954.121,43
BIDI3;9,75;0,61;121,07;3,21;0,66;51,80;0,04;6,49;19.471,16;22.340,25;;;7,86;6,75;-1,71;1,19;2,65;0,54;;0,21;0,79;0,08;11,95;18,54;2.669.014,28
BIDI4;11,60;0,69;144,04;3,82;0,78;51,80;0,04;6,49;23.165,69;22.340,25;;;9,35;8,03;-2,03;1,19;2,65;0,54;;0,21;0,79;0,08;11,95;18,54;23.008.900,70
BIOM3;16,67;;-16,98;7,52;2,77;20,69;-318,59;-372,35;-19,84;-22,15;-2,31;0,87;63,22;15,63;-4,10;2,21;-44,31;-16,32;-16,17;0,37;0,63;0,04;;;392.824,80
BKBR3;12,16;0,42;-273,28;1,60;0,81;61,65;1,71;-0,36;56,88;61,47;4,59;0,13;0,97;34,92;-1,02;1,12;-0,58;-0,30;1,36;0,51;0,49;0,83;24,74;;17.362.214,10
BMEB3;12,60;4,95;4,71;0,71;0,07;57,90;10,06;6,07;2,84;2,76;;;0,29;0,32;-0,15;1,58;15,02;1,41;;0,09;0,91;0,23;-9,39;1,63;137.862,11
BMEB4;11,60;5,92;4,33;0,65;0,06;57,90;10,06;6,07;2,62;2,76;;;0,26;0,30;-0,14;1,58;15,02;1,41;;0,09;0,91;0,23;-9,39;1,63;123.983,25
BMGB4;4,65;5,38;7,36;0,69;0,13;65,58;1,55;10,23;48,75;48,75;;;0,75;-0,33;-0,14;0,02;9,35;1,70;;0,18;0,72;0,17;8,97;13,46;4.847.758,18
BMIN3;19,32;7,25;32,60;0,75;0,48;77,15;28,22;21,75;25,12;24,70;;;7,09;3,11;-0,71;1,87;2,31;1,47;;0,63;0,37;0,07;1,31;-11,31;56.146,18
BMIN4;17,10;8,19;28,85;0,67;0,42;77,15;28,22;21,75;22,23;24,70;;;6,28;2,76;-0,63;1,87;2,31;1,47;;0,63;0,37;0,07;1,31;-11,31;6.456,53
BMKS3;197,50;3,08;35,30;0,51;0,45;26,71;-30,79;16,20;-18,58;10,86;29,43;-0,80;5,72;0,57;-2,56;28,58;1,44;1,27;-3,35;0,89;0,11;0,08;-5,52;-24,44;8.940,42
BNBR3;77,41;6,23;3,85;1,23;0,11;45,68;44,46;31,63;2,74;2,74;;;1,22;-22,85;-0,15;0,98;32,00;2,96;;0,09;0,91;0,09;-3,30;41,54;36.325,39
BOBR3;0,00;;0,00;0,00;0,00;38,79;5,76;-3,82;0,00;8,23;4,95;;0,00;0,00;0,00;0,57;14,20;-6,16;162,58;-0,43;1,43;1,61;-0,59;;
BOBR4;1,63;;-10,49;-1,49;0,65;38,79;5,76;-3,82;6,96;8,23;4,95;;0,40;-2,12;-1,10;0,57;14,20;-6,16;162,58;-0,43;1,43;1,61;-0,59;;738.599,18
BPAC11;48,83;2,73;19,06;1,93;0,18;-2,33;11,26;17,24;29,19;29,19;;;3,29;1,75;-0,56;1,18;10,12;0,94;;0,09;0,91;0,05;-0,93;45,47;160.701.708,10
BPAC3;23,15;1,92;27,11;2,74;0,26;-2,33;11,26;17,24;41,51;29,19;;;4,67;2,50;-0,80;1,18;10,12;0,94;;0,09;0,91;0,05;-0,93;45,47;36.902,51
BPAC5;14,51;3,07;16,99;1,72;0,16;-2,33;11,26;17,24;26,02;29,19;;;2,93;1,56;-0,50;1,18;10,12;0,94;;0,09;0,91;0,05;-0,93;45,47;47.960,63
BPAN4;5,59;2,99;11,41;1,34;0,20;50,60;3,58;6,73;21,42;21,42;;;0,77;-1,07;-0,35;0,69;11,76;1,75;;0,15;0,85;0,26;1,72;34,01;23.549.284,70
BPAR3;182,07;8,78;5,35;1,27;0,20;76,66;30,81;19,17;3,33;3,33;;;1,03;-2,05;-0,42;0,85;23,73;3,69;;0,16;0,84;0,19;4,77;9,69;
BPAT33;0,00;;0,00;0,00;0,00;51,56;21,77;5,61;0,00;0,00;;;0,00;;0,00;;9,46;1,35;;0,14;0,86;0,24;9,97;-25,46;
BPHA3;0,62;;0,06;-0,24;0,99;98,02;1.029,99;13.896,67;0,80;1,66;0,85;;8,28;-0,38;-1,18;0,06;-402,50;1.669,02;-36,75;-4,15;5,15;0,12;-69,37;;
BRAP3;31,66;2,30;1.953,68;1,05;1,00;;;;-2.968,42;-3.194,41;-6,94;0,00;;39,77;-1,05;2,00;0,05;0,05;-0,04;0,95;0,05;0,00;;;1.662.210,88
BRAP4;35,26;2,27;2.175,83;1,17;1,11;;;;-3.305,95;-3.194,41;-6,94;0,00;;44,29;-1,17;2,00;0,05;0,05;-0,04;0,95;0,05;0,00;;;85.779.252,15
BRDT3;21,89;2,12;11,53;2,91;0,99;6,27;1,42;2,33;18,85;22,11;3,26;0,50;0,27;7,03;-1,87;1,42;25,22;8,55;1,68;0,34;0,66;3,67;-0,48;;165.991.114,15
BRFS3;23,09;;14,75;2,76;0,40;25,15;9,56;3,63;5,60;9,99;4,39;2,16;0,54;5,96;-0,67;1,19;18,71;2,69;11,11;0,14;0,86;0,74;0,76;-37,55;233.779.748,30
BRGE11;8,90;3,91;8,34;0,36;0,21;-233,11;-1,67;268,48;-1.340,39;;1.169,06;-0,32;22,39;-2,30;-0,30;0,77;4,38;2,53;-0,63;0,58;0,42;0,01;0,75;-3,87;1.735,00
BRGE12;6,80;;6,37;0,28;0,16;-233,11;-1,67;268,48;-1.024,12;;1.169,06;-0,32;17,11;-1,76;-0,23;0,77;4,38;2,53;-0,63;0,58;0,42;0,01;0,75;-3,87;25.166,50
BRGE3;8,16;;7,65;0,33;0,19;-233,11;-1,67;268,48;-1.228,95;;1.169,06;-0,32;20,53;-2,11;-0,28;0,77;4,38;2,53;-0,63;0,58;0,42;0,01;0,75;-3,87;5.350,86
BRGE5;21,50;1,35;20,15;0,88;0,51;-233,11;-1,67;268,48;-3.238,03;;1.169,06;-0,32;54,10;-5,56;-0,73;0,77;4,38;2,53;-0,63;0,58;0,42;0,01;0,75;-3,87;29.783,33
BRGE6;10,50;6,63;9,84;0,43;0,25;-233,11;-1,67;268,48;-1.581,36;;1.169,06;-0,32;26,42;-2,71;-0,36;0,77;4,38;2,53;-0,63;0,58;0,42;0,01;0,75;-3,87;2.623,75
BRGE7;5,40;7,52;5,06;0,22;0,13;-233,11;-1,67;268,48;-813,27;;1.169,06;-0,32;13,59;-1,40;-0,18;0,77;4,38;2,53;-0,63;0,58;0,42;0,01;0,75;-3,87;
BRGE8;6,20;4,68;5,81;0,25;0,15;-233,11;-1,67;268,48;-933,76;;1.169,06;-0,32;15,60;-1,60;-0,21;0,77;4,38;2,53;-0,63;0,58;0,42;0,01;0,75;-3,87;7.049,89
BRIV3;7,28;;10,20;0,43;0,05;21,41;7,56;5,71;7,69;7,46;;;0,58;0,48;-0,13;1,18;4,22;0,47;;0,11;0,89;0,08;-9,41;-4,07;5.038,50
BRIV4;6,73;8,26;9,43;0,40;0,04;21,41;7,56;5,71;7,11;7,46;;;0,54;0,44;-0,12;1,18;4,22;0,47;;0,11;0,89;0,08;-9,41;-4,07;15.386,09
BRKM3;28,60;2,93;-7,87;5,78;0,33;12,70;-0,11;-5,54;-402,99;;-366,81;5,26;0,44;3,18;-0,51;1,44;-73,44;-4,25;-5,91;0,06;0,94;0,77;2,22;;701.081,25
BRKM5;27,80;3,02;-7,65;5,62;0,33;12,70;-0,11;-5,54;-391,72;;-366,81;5,26;0,42;3,09;-0,50;1,44;-73,44;-4,25;-5,91;0,06;0,94;0,77;2,22;;114.431.785,00
BRKM6;18,50;3,28;-5,09;3,74;0,22;12,70;-0,11;-5,54;-260,68;;-366,81;5,26;0,28;2,06;-0,33;1,44;-73,44;-4,25;-5,91;0,06;0,94;0,77;2,22;;2.488,83
BRML3;9,92;8,33;6,26;0,75;0,46;89,56;156,52;109,97;4,40;5,39;0,98;0,17;6,89;13,10;-0,49;2,41;11,93;7,40;11,12;0,62;0,38;0,07;-1,61;83,67;167.073.908,45
BRPR3;8,63;1,00;8,59;0,59;0,43;100,00;213,72;138,29;5,56;6,26;0,70;0,07;11,88;3,57;-0,50;5,15;6,84;4,97;7,88;0,73;0,27;0,04;-11,91;;26.925.587,88
BRQB3;0,00;;0,00;0,00;0,00;31,34;11,57;7,65;0,00;-1,10;-1,10;-0,46;0,00;0,00;0,00;2,94;27,79;12,66;17,67;0,46;0,54;1,65;-0,39;35,74;
BRSR3;13,09;6,57;4,18;0,66;0,06;43,04;13,62;13,17;4,04;;;;0,55;1,04;-1,84;1,07;15,89;1,55;;0,10;0,90;0,12;-3,56;7,61;480.839,63
BRSR5;23,50;3,82;7,50;1,19;0,12;43,04;13,62;13,17;7,25;;;;0,99;1,86;-3,30;1,07;15,89;1,55;;0,10;0,90;0,12;-3,56;7,61;309.188,50
BRSR6;12,71;6,77;4,05;0,64;0,06;43,04;13,62;13,17;3,92;;;;0,53;1,01;-1,78;1,07;15,89;1,55;;0,10;0,90;0,12;-3,56;7,61;27.085.543,28
BSEV3;2,63;;-3,83;11,72;0,26;11,31;3,20;-11,27;13,46;41,74;28,28;24,62;0,43;13,69;-0,39;1,06;-306,21;-6,83;1,81;0,02;0,98;0,61;6,67;;193.663,03
BSLI3;65,00;2,82;5,12;1,34;0,13;72,25;26,42;19,74;3,83;3,56;;;1,01;-0,55;-0,19;0,54;26,19;2,63;;0,10;0,90;0,13;2,72;27,73;11.246,25
BSLI4;45,00;4,48;3,55;0,93;0,09;72,25;26,42;19,74;2,65;3,56;;;0,70;-0,38;-0,13;0,54;26,19;2,63;;0,10;0,90;0,13;2,72;27,73;4.500,00
BTOW3;91,41;;-166,67;8,49;2,97;29,67;1,59;-4,00;419,29;421,38;2,10;0,04;6,66;9,61;-7,17;2,11;-5,10;-1,78;-0,04;0,35;0,65;0,45;-5,57;;380.235.741,00
BTTL3;4,69;;7,21;6,91;0,53;14,69;4,27;2,05;3,47;4,97;1,50;2,98;0,15;-45,70;-0,84;0,97;95,86;7,41;41,28;0,08;0,92;3,61;6,70;-31,52;10.053,46
BTTL4;11.091,73;;17.047,20;16.340,78;1.262,93;14,69;4,27;2,05;8.203,73;4,97;1,50;2,98;350,16;-108.084,86;-1.992,93;0,97;95,86;7,41;41,28;0,08;0,92;3,61;6,70;-31,52;9.388.768.360,00
CALI3;98,18;;-2,37;13,04;0,45;-56,28;-318,34;-300,62;-2,23;-1,50;0,01;-0,05;7,11;1,16;-0,99;3,39;-551,34;-18,90;-463,36;0,03;0,97;0,06;-38,28;;
CALI4;50,21;;-1,21;6,67;0,23;-56,28;-318,34;-300,62;-1,14;-1,50;0,01;-0,05;3,64;0,59;-0,51;3,39;-551,34;-18,90;-463,36;0,03;0,97;0,06;-38,28;;25.105,00
CAMB4;6,25;;11,00;3,20;1,05;45,05;16,70;10,95;7,22;8,89;1,67;0,74;1,21;16,29;-1,96;1,16;29,12;9,56;19,23;0,33;0,67;0,87;-5,12;;453.862,40
CAML3;9,93;1,57;15,33;1,63;0,76;23,18;5,53;4,44;12,32;16,09;3,77;0,50;0,68;2,52;-1,74;2,17;10,65;4,98;7,47;0,47;0,53;1,12;5,00;16,69;11.458.359,10
CARD3;12,35;2,52;16,32;1,95;1,07;26,47;11,71;7,14;9,95;11,51;1,56;0,31;1,16;-149,89;-1,45;0,97;11,96;6,55;11,33;0,55;0,45;0,92;-1,32;7,14;1.969.197,60
CASN3;18,00;;107,55;10,24;3,62;55,08;24,13;10,65;47,45;40,20;4,06;0,88;11,45;98,61;-4,26;1,32;9,52;3,36;8,24;0,35;0,65;0,32;7,12;61,38;
CASN4;9,42;;56,28;5,36;1,89;55,08;24,13;10,65;24,83;40,20;4,06;0,88;5,99;51,60;-2,23;1,32;9,52;3,36;8,24;0,35;0,65;0,32;7,12;61,38;1.100,00
CATA3;0,00;;0,00;0,00;0,00;12,93;-6,69;4,12;0,00;-2,88;-2,88;0,25;0,00;0,00;0,00;2,17;5,32;3,16;-6,43;0,59;0,41;0,77;-0,03;;
CATA4;0,00;;0,00;0,00;0,00;12,93;-6,69;4,12;0,00;-2,88;-2,88;0,25;0,00;0,00;0,00;2,17;5,32;3,16;-6,43;0,59;0,41;0,77;-0,03;;
CBEE3;15,79;2,52;9,12;0,71;0,24;16,61;10,16;4,90;4,40;11,32;6,92;1,12;0,45;-2,41;-0,33;0,72;7,82;2,64;5,56;0,34;0,66;0,54;2,72;;33.883,27
CCPR3;13,90;0,35;20,00;0,72;0,44;65,17;57,18;23,50;8,22;10,83;2,62;0,23;4,70;3,27;-0,53;4,32;3,59;2,19;5,02;0,61;0,39;0,09;4,15;13,12;5.788.077,95
CCRO3;14,50;5,26;21,79;3,22;0,86;41,71;32,72;12,42;8,27;12,20;3,93;1,53;2,71;-99,10;-1,10;0,96;14,79;3,97;9,42;0,27;0,73;0,32;4,55;12,63;121.849.875,98
CCXC3;1,16;;-0,48;-0,04;0,19;;;;-0,65;-0,52;0,13;;;-0,04;;0,17;7,85;-38,82;5,85;-4,95;5,95;0,00;;;45.760,33
CEAB3;9,47;2,68;17,67;1,08;0,50;48,71;7,13;3,16;7,84;11,66;3,82;0,52;0,56;4,98;-0,78;1,40;6,09;2,85;7,79;0,47;0,53;0,90;;;24.835.904,48
CEBR3;63,71;;5,96;0,92;0,25;16,96;8,98;4,75;3,15;;0,13;0,04;0,28;5,33;-0,47;1,11;15,41;4,18;19,07;0,27;0,73;0,88;2,79;26,01;65.723,55
CEBR5;72,00;;6,73;1,04;0,28;16,96;8,98;4,75;3,57;;0,13;0,04;0,32;6,02;-0,53;1,11;15,41;4,18;19,07;0,27;0,73;0,88;2,79;26,01;11.827,60
CEBR6;67,99;;6,36;0,98;0,27;16,96;8,98;4,75;3,37;;0,13;0,04;0,30;5,68;-0,50;1,11;15,41;4,18;19,07;0,27;0,73;0,88;2,79;26,01;179.153,20
CEDO3;9,68;;-6,97;0,50;0,13;11,24;2,32;-2,05;6,16;18,79;13,83;1,12;0,14;-9,29;-0,23;0,97;-7,13;-1,90;1,46;0,27;0,73;0,92;11,31;;69.325,42
CEDO4;5,29;;-3,81;0,27;0,07;11,24;2,32;-2,05;3,37;18,79;13,83;1,12;0,08;-5,08;-0,13;0,97;-7,13;-1,90;1,46;0,27;0,73;0,92;11,31;;43.751,42
CEEB3;39,80;2,77;9,91;1,90;0,51;23,48;16,64;10,33;6,15;;4,71;1,45;1,02;9,23;-0,68;1,28;19,13;5,15;10,59;0,27;0,73;0,50;8,75;24,60;12.290,11
CEEB5;38,49;2,86;9,58;1,83;0,49;23,48;16,64;10,33;5,95;;4,71;1,45;0,99;8,92;-0,66;1,28;19,13;5,15;10,59;0,27;0,73;0,50;8,75;24,60;17.320,50
CEEB6;0,00;;0,00;0,00;0,00;23,48;16,64;10,33;0,00;;4,71;1,45;0,00;0,00;0,00;1,28;19,13;5,15;10,59;0,27;0,73;0,50;8,75;24,60;
CEED3;100,00;;-0,72;-0,24;0,23;0,06;-12,95;-39,14;-2,18;-4,38;-2,20;;0,28;-0,28;-0,33;0,26;32,79;-32,50;15,19;-0,99;1,99;0,83;-0,97;;9.090,00
CEED4;110,00;;-0,79;-0,26;0,26;0,06;-12,95;-39,14;-2,40;-4,38;-2,20;;0,31;-0,31;-0,36;0,26;32,79;-32,50;15,19;-0,99;1,99;0,83;-0,97;;11.000,00
CEGR3;60,00;2,43;74,82;17,06;4,80;24,66;9,78;4,59;35,16;37,37;2,21;1,07;3,44;-45,75;-5,96;0,65;22,80;6,42;19,17;0,28;0,72;1,40;4,43;5,57;12.000,00
CEPE3;0,00;;0,00;0,00;0,00;17,45;9,46;3,04;0,00;;8,79;2,99;0,00;0,00;0,00;0,95;10,92;2,03;7,12;0,19;0,81;0,67;6,18;56,86;
CEPE5;25,11;5,02;10,29;1,12;0,21;17,45;9,46;3,04;3,30;;8,79;2,99;0,31;-12,19;-0,31;0,95;10,92;2,03;7,12;0,19;0,81;0,67;6,18;56,86;16.261,00
CEPE6;20,00;6,93;8,19;0,90;0,17;17,45;9,46;3,04;2,63;;8,79;2,99;0,25;-9,71;-0,24;0,95;10,92;2,03;7,12;0,19;0,81;0,67;6,18;56,86;18.000,00
CESP3;30,92;5,98;7,36;1,44;0,77;42,22;50,40;82,03;11,99;;1,03;0,12;6,04;40,86;-0,86;1,23;19,52;10,48;-1,57;0,54;0,46;0,13;-11,84;;663.068,38
CESP5;29,90;6,19;7,12;1,39;0,75;42,22;50,40;82,03;11,59;;1,03;0,12;5,84;39,51;-0,83;1,23;19,52;10,48;-1,57;0,54;0,46;0,13;-11,84;;11.294,73
CESP6;28,66;6,46;6,83;1,33;0,72;42,22;50,40;82,03;11,11;;1,03;0,12;5,60;37,87;-0,80;1,23;19,52;10,48;-1,57;0,54;0,46;0,13;-11,84;;72.923.841,05
CGAS3;160,00;9,86;13,71;27,77;2,50;34,28;24,67;15,84;8,80;;1,91;6,02;2,17;233,33;-3,54;1,04;202,51;18,25;27,94;0,09;0,91;1,15;7,60;14,36;53.137,76
CGAS5;162,56;10,68;13,93;28,22;2,54;34,28;24,67;15,84;8,95;;1,91;6,02;2,21;237,06;-3,60;1,04;202,51;18,25;27,94;0,09;0,91;1,15;7,60;14,36;455.974,70
CGRA3;24,54;7,14;3,81;0,84;0,57;53,38;20,31;26,94;5,05;4,51;-0,72;-0,12;1,03;2,58;-1,00;2,07;22,09;14,97;11,56;0,68;0,32;0,56;5,13;22,66;52.703,80
CGRA4;25,99;6,74;4,04;0,89;0,60;53,38;20,31;26,94;5,35;4,51;-0,72;-0,12;1,09;2,73;-1,06;2,07;22,09;14,97;11,56;0,68;0,32;0,56;5,13;22,66;356.996,73
CIEL3;4,11;5,04;9,32;1,21;0,13;46,45;22,14;23,59;9,93;10,24;0,31;0,04;2,20;1,69;-0,89;1,10;12,95;1,42;4,32;0,11;0,89;0,06;0,40;-13,29;93.397.572,60
CLSC3;55,51;3,15;6,03;1,38;0,23;13,04;7,15;4,44;3,74;5,62;2,23;0,82;0,27;4,13;-0,32;1,23;22,88;3,77;13,06;0,16;0,84;0,85;2,60;16,76;33.550,00
CLSC4;46,81;4,11;5,09;1,16;0,19;13,04;7,15;4,44;3,16;5,62;2,23;0,82;0,23;3,48;-0,27;1,23;22,88;3,77;13,06;0,16;0,84;0,85;2,60;16,76;623.336,54
CMIG3;11,20;2,45;7,18;1,03;0,32;22,03;9,57;8,90;6,68;12,00;5,50;0,85;0,64;6,00;-0,41;1,35;14,36;4,51;4,16;0,31;0,69;0,51;3,03;4,85;18.451.605,78
CMIG4;10,72;2,56;6,88;0,99;0,31;22,03;9,57;8,90;6,40;12,00;5,50;0,85;0,61;5,74;-0,39;1,35;14,36;4,51;4,16;0,31;0,69;0,51;3,03;4,85;139.339.645,10
CMSA3;0,00;;0,00;0,00;0,00;;;;0,00;1,01;1,01;-1,28;;0,00;0,00;262,56;-122,42;-92,61;-126,18;0,76;0,24;0,00;;;
CMSA4;0,00;;0,00;0,00;0,00;;;;0,00;1,01;1,01;-1,28;;0,00;0,00;262,56;-122,42;-92,61;-126,18;0,76;0,24;0,00;;;
CNSY3;0,00;;0,00;0,00;0,00;24,92;7,02;1,62;0,00;8,71;8,71;2,34;0,00;0,00;0,00;0,37;6,20;1,29;7,51;0,21;0,79;0,80;14,87;;
CNTO3;29,26;;19,93;5,28;1,57;49,45;18,41;12,17;13,17;13,02;-0,15;-0,06;2,43;13,22;-2,60;1,43;26,50;7,87;30,84;0,30;0,70;0,65;;;64.788.783,00
COCE3;34,96;6,07;5,66;0,85;0,30;15,79;11,79;8,61;4,13;;3,72;0,76;0,49;30,32;-0,41;1,04;15,00;5,28;9,43;0,35;0,65;0,61;5,44;2,21;9.744,33
COCE5;51,50;4,12;8,34;1,25;0,44;15,79;11,79;8,61;6,09;;3,72;0,76;0,72;44,67;-0,61;1,04;15,00;5,28;9,43;0,35;0,65;0,61;5,44;2,21;2.151.114,10
COCE6;0,00;;0,00;0,00;0,00;15,79;11,79;8,61;0,00;;3,72;0,76;0,00;0,00;0,00;1,04;15,00;5,28;9,43;0,35;0,65;0,61;5,44;2,21;
COGN3;5,27;0,73;-217,99;0,54;0,27;59,20;11,52;-0,67;12,60;24,36;11,76;0,50;1,45;3,12;-0,33;1,97;-0,25;-0,13;2,45;0,50;0,50;0,19;5,94;-29,53;266.094.127,03
CORR4;69,00;;-0,92;-0,40;0,13;98,54;-96,28;-87,39;-0,83;0,79;1,62;;0,80;0,20;-0,43;22,21;43,86;-14,57;56,62;-0,33;1,33;0,17;-8,49;;10.850,00
CPFE3;32,32;;12,08;2,56;0,77;22,41;16,14;10,24;7,67;11,20;3,53;1,18;1,24;10,50;-1,07;1,36;21,20;6,40;9,31;0,30;0,70;0,62;7,76;25,71;140.209.604,90
CPLE3;59,60;3,76;6,34;0,90;0,43;27,65;19,90;12,62;4,02;;2,02;0,45;0,80;5,96;-0,54;1,53;14,21;6,72;10,77;0,47;0,53;0,53;1,68;10,27;26.893.929,80
CPLE5;27,51;14,35;2,93;0,42;0,20;27,65;19,90;12,62;1,86;;2,02;0,45;0,37;2,75;-0,25;1,53;14,21;6,72;10,77;0,47;0,53;0,53;1,68;10,27;
CPLE6;63,80;3,87;6,78;0,96;0,46;27,65;19,90;12,62;4,30;;2,02;0,45;0,86;6,38;-0,57;1,53;14,21;6,72;10,77;0,47;0,53;0,53;1,68;10,27;109.457.952,83
CPRE3;17,20;;52,57;1,94;0,76;45,86;29,64;8,62;15,29;22,21;6,92;0,88;4,53;-45,57;-0,86;0,88;3,70;1,44;5,56;0,39;0,61;0,17;5,16;;13.806,70
CRDE3;20,99;59,00;-5,13;0,32;0,29;3,83;-18,28;-29,36;-8,24;1,68;9,92;-0,39;1,51;0,79;-0,50;9,43;-6,29;-5,71;-4,77;0,91;0,09;0,19;2,77;;24.290,72
CREM3;14,50;;32,70;2,45;0,67;30,30;7,39;2,10;9,28;13,11;3,84;1,01;0,69;4,89;-1,69;1,29;7,50;2,05;9,29;0,27;0,73;0,98;2,68;-13,71;
CRFB3;18,44;1,32;29,33;2,42;0,87;20,55;4,50;2,02;13,15;14,79;1,65;0,30;0,59;14,59;-1,57;1,16;8,24;2,97;8,56;0,36;0,64;1,47;7,65;6,16;123.457.093,95
CRIV3;4,61;0,76;6,40;0,49;0,07;51,51;17,05;12,04;4,52;5,09;;;0,77;0,46;-0,15;1,37;7,70;1,07;;0,14;0,86;0,09;-6,84;13,05;21.357,06
CRIV4;5,98;6,87;8,30;0,64;0,09;51,51;17,05;12,04;5,86;5,09;;;1,00;0,60;-0,20;1,37;7,70;1,07;;0,14;0,86;0,09;-6,84;13,05;9.610,85
CRPG3;24,00;0,58;6,34;1,21;0,88;23,60;18,25;18,65;6,48;;-1,83;-0,34;1,18;1,35;-3,97;6,20;19,03;13,92;18,13;0,73;0,27;0,75;11,03;;8.039,60
CRPG5;23,89;0,58;6,31;1,20;0,88;23,60;18,25;18,65;6,45;;-1,83;-0,34;1,18;1,35;-3,96;6,20;19,03;13,92;18,13;0,73;0,27;0,75;11,03;;257.365,65
CRPG6;23,79;0,59;6,28;1,20;0,87;23,60;18,25;18,65;6,42;;-1,83;-0,34;1,17;1,34;-3,94;6,20;19,03;13,92;18,13;0,73;0,27;0,75;11,03;;33.119,49
CSAB3;40,00;7,76;18,32;1,68;0,65;18,46;-14,36;153,11;-195,30;-214,83;;;28,04;4,33;-1,05;1,64;9,19;3,54;;0,39;0,61;0,02;-26,50;-18,34;16.340,00
CSAB4;48,00;7,11;21,98;2,02;0,78;18,46;-14,36;153,11;-234,35;-214,83;;;33,65;5,19;-1,27;1,64;9,19;3,54;;0,39;0,61;0,02;-26,50;-18,34;9.095,00
CSAN3;65,41;;10,38;2,33;0,78;29,29;26,55;18,31;7,16;9,20;2,04;0,66;1,90;4,99;-1,20;1,84;22,45;7,56;11,73;0,34;0,66;0,41;10,19;23,01;125.347.582,23
CSMG3;57,60;1,63;10,02;1,06;0,62;42,41;22,46;13,94;6,22;8,46;2,24;0,38;1,40;8,31;-0,76;1,76;10,62;6,22;8,94;0,59;0,41;0,45;6,11;;53.733.538,48
CSNA3;10,34;2,98;16,96;2,65;0,27;30,31;9,92;3,42;5,84;18,33;12,49;5,68;0,58;5,94;-0,37;1,20;15,65;1,60;3,34;0,10;0,90;0,47;10,76;;125.114.813,28
CSRN3;17,24;1,82;9,69;2,52;0,68;23,55;17,58;11,69;6,44;;3,43;1,34;1,13;6,24;-0,87;1,91;25,97;6,97;13,38;0,27;0,73;0,60;8,33;7,97;11.291,00
CSRN5;21,00;1,64;11,81;3,07;0,82;23,55;17,58;11,69;7,85;;3,43;1,34;1,38;7,61;-1,07;1,91;25,97;6,97;13,38;0,27;0,73;0,60;8,33;7,97;2.100,00
CSRN6;19,06;1,81;10,72;2,78;0,75;23,55;17,58;11,69;7,12;;3,43;1,34;1,25;6,90;-0,97;1,91;25,97;6,97;13,38;0,27;0,73;0,60;8,33;7,97;3.807,00
CTCA3;0,00;;0,00;0,00;0,00;56,19;23,73;20,32;0,00;-2,64;-2,64;-0,23;0,00;0,00;0,00;2,61;7,56;5,58;4,98;0,74;0,26;0,27;19,98;35,33;
CTKA3;13,50;;-6,74;-0,31;0,22;40,44;10,29;-3,69;2,41;16,95;14,61;;0,25;0,75;-0,55;1,95;4,56;-3,26;13,57;-0,72;1,72;0,89;5,13;;36.216,64
CTKA4;12,70;;-6,34;-0,29;0,21;40,44;10,29;-3,69;2,27;16,95;14,61;;0,23;0,71;-0,52;1,95;4,56;-3,26;13,57;-0,72;1,72;0,89;5,13;;38.106,81
CTNM3;7,70;;-5,56;0,13;0,05;29,29;1,71;-2,27;7,41;46,92;41,04;0,73;0,13;1,07;-0,09;1,16;-2,37;-0,98;0,84;0,42;0,58;0,43;-6,26;;45.245,85
CTNM4;4,80;;-3,47;0,08;0,03;29,29;1,71;-2,27;4,62;46,92;41,04;0,73;0,08;0,67;-0,05;1,16;-2,37;-0,98;0,84;0,42;0,58;0,43;-6,26;;151.826,10
CTSA3;4,25;;15,75;0,58;0,28;20,92;7,51;2,30;4,82;;5,96;0,72;0,36;2,39;-0,50;1,36;3,68;1,77;6,60;0,48;0,52;0,77;6,33;;10.644,22
CTSA4;5,03;;18,64;0,69;0,33;20,92;7,51;2,30;5,70;;5,96;0,72;0,43;2,83;-0,59;1,36;3,68;1,77;6,60;0,48;0,52;0,77;6,33;;4.712,28
CTSA8;0,00;;0,00;0,00;0,00;20,92;7,51;2,30;0,00;;5,96;0,72;0,00;0,00;0,00;1,36;3,68;1,77;6,60;0,48;0,52;0,77;6,33;;
CVCB3;14,42;2,89;9,41;1,55;0,31;91,91;25,37;11,99;4,45;6,78;2,34;0,81;1,13;1,29;-1,13;1,49;16,48;3,30;14,69;0,20;0,80;0,28;18,82;12,66;71.700.879,35
CYRE3;16,90;10,77;12,96;1,30;0,66;31,73;14,84;13,47;11,77;13,90;2,13;0,24;1,75;2,08;-1,44;2,38;10,00;5,06;6,33;0,51;0,49;0,38;-1,97;-2,07;148.503.279,23
DASA3;65,00;0,87;240,00;9,58;3,54;35,43;9,13;2,98;78,47;83,36;4,89;0,60;7,16;43,88;-4,76;1,46;3,99;1,47;6,40;0,37;0,63;0,49;9,33;40,01;24.865,18
DIRR3;9,57;5,22;13,13;1,06;0,30;34,36;12,97;7,98;8,08;8,94;0,86;0,11;1,05;0,83;-0,59;4,24;8,04;2,32;6,41;0,29;0,71;0,29;-1,46;-5,01;13.107.853,38
DMMO3;1,16;;-2,48;-0,65;0,23;12,47;-19,75;-28,88;-3,62;-11,25;-7,63;;0,72;-1,30;-0,28;0,48;26,22;-9,44;-28,54;-0,36;1,36;0,33;-5,60;;13.431.080,45
DOHL3;10,80;;20,51;1,10;0,88;24,10;1,28;6,38;102,36;83,07;-6,55;-0,07;1,31;2,23;-1,65;6,62;5,36;4,29;-2,78;0,80;0,20;0,67;4,64;2,46;1.080,00
DOHL4;6,00;;11,39;0,61;0,49;24,10;1,28;6,38;56,87;83,07;-6,55;-0,07;0,73;1,24;-0,92;6,62;5,36;4,29;-2,78;0,80;0,20;0,67;4,64;2,46;16.754,83
DTCY3;5,50;;-3,94;9,19;1,49;3,08;-67,17;-93,42;-5,48;-5,21;-0,04;0,07;3,68;-5,06;-1,87;0,41;-233,06;-37,66;-104,08;0,16;0,84;0,40;-3,09;;3.616,20
DTCY4;0,00;;0,00;0,00;0,00;3,08;-67,17;-93,42;0,00;-5,21;-0,04;0,07;0,00;0,00;0,00;0,41;-233,06;-37,66;-104,08;0,16;0,84;0,40;-3,09;;
DTEX3;10,88;3,43;17,35;1,58;0,72;27,46;13,77;8,51;10,72;13,65;2,93;0,43;1,48;4,27;-1,11;1,92;9,08;4,14;7,46;0,46;0,54;0,49;4,81;16,17;32.137.919,85
EALT3;9,00;0,16;12,02;1,24;0,55;21,62;9,05;5,63;7,48;7,86;2,91;0,48;0,68;19,44;-0,85;1,09;10,35;4,57;9,77;0,44;0,56;0,81;15,33;167,95;8.387,39
EALT4;3,63;0,44;4,85;0,50;0,22;21,62;9,05;5,63;3,02;7,86;2,91;0,48;0,27;7,84;-0,34;1,09;10,35;4,57;9,77;0,44;0,56;0,81;15,33;167,95;283.035,25
ECOR3;13,01;;-39,19;15,96;0,63;38,05;20,13;-4,69;9,14;17,51;8,37;14,63;1,84;-4,32;-0,79;0,58;-40,73;-1,61;5,64;0,04;0,96;0,34;7,64;;51.140.839,58
ECPR3;78,20;;-8,40;0,79;0,49;;;;-11,49;-11,59;0,10;-0,01;;72,73;-0,50;3,92;-9,43;-5,84;-7,03;0,62;0,38;0,00;;;7.820,00
ECPR4;81,00;;-8,70;0,82;0,51;;;;-11,90;-11,59;0,10;-0,01;;75,33;-0,51;3,92;-9,43;-5,84;-7,03;0,62;0,38;0,00;;;12.095,00
EEEL3;290,00;3,71;14,16;1,20;542,54;43,93;36,70;18,69;7,21;8,02;0,70;0,12;2,65;4,90;-0,69;2,08;8,46;3.831,12;12,20;452,84;547,16;205,03;10,46;35,65;185.107,29
EEEL4;547,50;2,16;26,74;2,26;1.024,27;43,93;36,70;18,69;13,61;8,02;0,70;0,12;5,00;9,26;-1,30;2,08;8,46;3.831,12;12,20;452,84;547,16;205,03;10,46;35,65;54.750,00
EGIE3;42,45;3,60;14,99;4,95;1,15;42,34;43,81;23,57;8,06;10,60;2,54;1,56;3,53;45,22;-1,48;1,13;33,02;7,67;16,17;0,23;0,77;0,33;8,53;9,01;78.381.419,95
EKTR3;15,00;4,68;5,51;1,04;0,35;19,09;14,15;7,90;3,08;7,55;3,93;1,32;0,44;4,09;-0,51;1,36;18,79;6,29;10,52;0,33;0,67;0,80;3,82;5,92;1.520,00
EKTR4;19,99;3,86;7,34;1,38;0,46;19,09;14,15;7,90;4,10;7,55;3,93;1,32;0,58;5,45;-0,68;1,36;18,79;6,29;10,52;0,33;0,67;0,80;3,82;5,92;4.207,00
ELEK3;18,50;2,32;23,68;2,57;1,03;11,39;2,82;2,53;21,24;27,36;5,75;0,70;0,60;3,63;-2,51;1,94;10,87;4,36;4,38;0,40;0,60;1,72;2,39;;17.660,08
ELEK4;19,09;2,25;24,43;2,66;1,07;11,39;2,82;2,53;21,92;27,36;5,75;0,70;0,62;3,75;-2,59;1,94;10,87;4,36;4,38;0,40;0,60;1,72;2,39;;40.794,24
ELET3;28,77;;4,65;0,63;0,25;74,35;29,31;34,37;5,46;;4,37;0,51;1,60;2,49;-0,33;1,74;13,57;5,43;5,75;0,40;0,60;0,16;-3,18;;153.857.746,05
ELET5;41,00;;6,63;0,90;0,36;74,35;29,31;34,37;7,77;;4,37;0,51;2,28;3,55;-0,47;1,74;13,57;5,43;5,75;0,40;0,60;0,16;-3,18;;8.090,00
ELET6;31,00;;5,01;0,68;0,27;74,35;29,31;34,37;5,88;;4,37;0,51;1,72;2,69;-0,36;1,74;13,57;5,43;5,75;0,40;0,60;0,16;-3,18;;97.058.942,08
ELPL3;49,32;;11,28;2,38;0,34;12,38;12,38;5,79;5,28;6,86;1,58;0,71;0,65;12,60;-0,45;1,13;21,06;3,01;16,82;0,14;0,86;0,52;1,47;50,35;
EMAE3;25,35;2,82;10,11;0,95;0,62;19,02;7,94;21,10;26,87;19,44;-9,75;-0,34;2,13;1,97;-1,04;4,82;9,36;6,17;0,35;0,66;0,34;0,29;17,21;9,15;
EMAE4;28,99;2,71;11,56;1,08;0,71;19,02;7,94;21,10;30,73;19,44;-9,75;-0,34;2,44;2,25;-1,19;4,82;9,36;6,17;0,35;0,66;0,34;0,29;17,21;9,15;215.566,80
EMBR3;7,25;;-4,15;0,37;0,13;13,67;-6,15;-12,36;-8,34;-0,99;7,35;-0,32;0,51;0,61;-0,67;1,34;-8,88;-3,04;-7,30;0,34;0,66;0,25;-12,41;;124.355.083,78
ENAT3;10,10;11,31;11,13;0,86;0,56;31,44;18,28;20,20;12,29;4,85;-7,44;-0,52;2,25;1,58;-1,05;4,03;7,73;5,00;5,50;0,65;0,35;0,25;17,51;18,14;21.726.026,40
ENBR3;17,75;3,29;7,49;1,03;0,40;19,25;15,16;9,26;4,57;7,12;2,54;0,57;0,69;6,72;-0,54;1,29;13,73;5,29;9,85;0,39;0,61;0,57;8,22;1,06;50.176.705,25
ENEV3;37,96;;18,44;1,67;0,86;39,62;29,84;18,74;11,58;15,38;3,80;0,55;3,46;9,68;-1,05;2,01;9,07;4,68;8,10;0,52;0,48;0,25;15,62;34,30;67.693.473,75
ENGI11;47,53;1,26;17,60;2,45;0,42;16,21;11,86;4,92;7,30;13,77;6,47;2,17;0,87;9,29;-0,57;1,20;13,93;2,36;7,59;0,17;0,83;0,48;10,32;8,45;109.225.371,28
ENGI3;11,82;1,02;21,88;3,05;0,52;16,21;11,86;4,92;9,08;13,77;6,47;2,17;1,08;11,55;-0,71;1,20;13,93;2,36;7,59;0,17;0,83;0,48;10,32;8,45;120.478,25
ENGI4;8,79;1,37;16,27;2,27;0,38;16,21;11,86;4,92;6,75;13,77;6,47;2,17;0,80;8,59;-0,53;1,20;13,93;2,36;7,59;0,17;0,83;0,48;10,32;8,45;161.652,25
ENMA3B;50,49;5,43;12,81;2,97;1,16;34,91;21,07;17,06;10,37;;1,58;0,45;2,19;5,90;-1,78;2,30;23,16;9,07;12,54;0,39;0,61;0,53;6,73;13,66;249.508,00
ENMA6B;0,00;;0,00;0,00;0,00;34,91;21,07;17,06;0,00;;1,58;0,45;0,00;0,00;0,00;2,30;23,16;9,07;12,54;0,39;0,61;0,53;6,73;13,66;
ENMT3;25,95;2,74;11,10;2,52;0,67;20,67;15,99;10,36;7,19;11,57;4,39;1,54;1,15;16,88;-1,00;1,14;22,70;6,06;10,45;0,27;0,73;0,59;6,71;67,36;66.727,32
ENMT4;25,95;2,74;11,10;2,52;0,67;20,67;15,99;10,36;7,19;11,57;4,39;1,54;1,15;16,88;-1,00;1,14;22,70;6,06;10,45;0,27;0,73;0,59;6,71;67,36;70.947,35
EQPA3;2,99;2,34;14,08;2,00;0,66;26,76;13,25;8,38;8,91;;2,68;0,60;1,18;2,87;-1,04;2,74;14,21;4,71;9,11;0,33;0,67;0,56;5,97;-2,05;106.902,60
EQPA5;6,49;1,08;30,56;4,34;1,44;26,76;13,25;8,38;19,33;;2,68;0,60;2,56;6,23;-2,26;2,74;14,21;4,71;9,11;0,33;0,67;0,56;5,97;-2,05;40.742,67
EQPA6;10,68;0,66;50,29;7,15;2,37;26,76;13,25;8,38;31,82;;2,68;0,60;4,22;10,26;-3,72;2,74;14,21;4,71;9,11;0,33;0,67;0,56;5,97;-2,05;2.917,00
EQPA7;5,65;1,24;26,61;3,78;1,25;26,76;13,25;8,38;16,83;;2,68;0,60;2,23;5,43;-1,97;2,74;14,21;4,71;9,11;0,33;0,67;0,56;5,97;-2,05;25.806,44
EQTL3;20,01;;7,44;2,07;0,54;30,48;22,92;14,45;4,69;7,24;2,55;1,12;1,08;3,84;-0,77;1,86;27,79;7,24;12,58;0,26;0,74;0,50;20,98;23,12;206.648.418,60
ESTR3;20,00;;-0,40;-0,03;0,08;50,21;-5,89;-36,44;-2,45;-11,30;-7,31;;0,14;-0,03;-0,14;0,16;8,54;-19,85;1,54;-2,32;3,32;0,54;-7,87;;
ESTR4;38,98;;-0,77;-0,07;0,15;50,21;-5,89;-36,44;-4,77;-11,30;-7,31;;0,28;-0,07;-0,26;0,16;8,54;-19,85;1,54;-2,32;3,32;0,54;-7,87;;12.497,50
ETER3;2,65;;-41,72;-4,78;0,15;14,27;10,14;-0,42;1,74;4,06;2,33;;0,18;-10,96;-0,27;0,97;11,45;-0,37;-8,02;-0,03;1,03;0,87;-12,90;;1.138.884,58
EUCA3;12,92;;18,22;0,90;0,52;28,05;8,70;4,30;9,02;8,24;3,13;0,31;0,78;13,81;-0,74;1,14;4,95;2,86;5,85;0,58;0,42;0,66;5,94;44,27;112.230,93
EUCA4;4,48;;6,32;0,31;0,18;28,05;8,70;4,30;3,13;8,24;3,13;0,31;0,27;4,79;-0,26;1,14;4,95;2,86;5,85;0,58;0,42;0,66;5,94;44,27;262.550,03
EVEN3;7,06;2,02;11,53;0,79;0,30;25,06;8,35;7,23;9,99;12,89;2,90;0,23;0,83;0,66;-1,32;2,48;6,86;2,64;3,43;0,39;0,61;0,37;-2,80;-0,88;17.633.385,80
EZTC3;32,70;0,90;21,06;1,91;1,70;41,32;28,16;38,84;29,05;24,09;-4,96;-0,33;8,18;4,03;-3,44;6,18;9,06;8,09;5,96;0,89;0,11;0,21;-0,25;-8,16;86.687.811,50
FBMC3;0,00;;0,00;0,00;0,00;-60,76;-92,67;-101,97;0,00;-0,74;-0,67;;0,00;0,00;0,00;0,31;24,19;-36,57;25,82;-1,51;2,51;0,36;-16,30;;
FBMC4;1,96;;-0,09;-0,02;0,03;-60,76;-92,67;-101,97;-0,10;-0,74;-0,67;;0,09;-0,04;-0,05;0,31;24,19;-36,57;25,82;-1,51;2,51;0,36;-16,30;;
FESA3;27,99;3,59;14,13;1,46;0,87;18,06;12,22;13,70;15,85;14,89;1,98;0,18;1,94;8,24;-1,19;1,64;10,35;6,16;5,56;0,60;0,40;0,45;6,45;4,99;12.887,40
FESA4;20,19;5,48;10,20;1,06;0,63;18,06;12,22;13,70;11,43;14,89;1,98;0,18;1,40;5,95;-0,86;1,64;10,35;6,16;5,56;0,60;0,40;0,45;6,45;4,99;5.754.541,15
FHER3;2,46;;0,20;4,22;0,08;6,62;-12,94;55,29;-0,87;-1,80;-0,93;4,54;0,11;0,52;-0,16;1,51;2.081,32;41,34;-208,93;0,02;0,98;0,75;-28,47;;466.752,60
FIGE3;0,00;;0,00;0,00;0,00;100,00;93,46;44,00;0,00;-0,18;-0,18;-0,01;0,00;0,00;0,00;16,07;2,95;2,95;4,49;1,00;0,00;0,07;;-11,42;
FIGE4;0,00;;0,00;0,00;0,00;100,00;93,46;44,00;0,00;-0,18;-0,18;-0,01;0,00;0,00;0,00;16,07;2,95;2,95;4,49;1,00;0,00;0,07;;-11,42;
FLEX3;0,00;;0,00;0,00;0,00;28,76;0,76;-3,70;0,00;33,47;33,47;2,49;0,00;0,00;0,00;0,99;-36,17;-4,53;-2,37;0,13;0,87;1,22;9,85;;
FLRY3;23,41;4,00;26,63;4,57;1,44;29,22;17,73;9,54;14,33;15,91;1,58;0,51;2,54;10,83;-1,99;1,94;17,16;5,41;13,14;0,32;0,68;0,57;8,92;23,81;67.418.367,10
FNCN3;0,00;;0,00;0,00;0,00;99,43;-24,71;-29,86;0,00;0,00;;;0,00;0,00;0,00;17,45;-4,79;-4,50;;0,94;0,06;0,15;-19,07;;
FRAS3;4,51;2,44;29,91;1,26;0,61;25,61;7,81;2,40;9,20;10,88;1,68;0,23;0,72;2,53;-1,10;2,14;4,21;2,02;5,90;0,48;0,52;0,84;9,31;-8,96;554.478,00
FRIO3;53,01;;4,59;1,71;0,13;16,81;8,71;3,20;1,69;5,51;3,83;3,88;0,15;2,88;-0,47;1,07;37,27;2,92;7,87;0,08;0,92;0,91;7,79;;43.987,75
FRTA3;5,34;;17,90;-0,16;0,33;29,24;-21,76;6,25;-5,14;-31,09;-25,94;;1,12;-0,13;-0,36;0,04;-0,88;1,83;17,33;-2,08;3,08;0,29;-23,88;;161.907,45
FTRT3B;0,00;;0,00;0,00;0,00;;;;0,00;0,00;0,00;0,00;;0,00;0,00;0,00;-0,95;-0,90;-2,42;0,95;0,05;0,00;;;
GBIO33;9,97;;663,76;1,44;0,85;46,49;9,49;0,22;15,07;17,09;2,02;0,19;1,43;7,21;-1,55;1,36;0,22;0,13;3,97;0,59;0,41;0,60;5,86;;1.462.765,60
GEPA3;38,00;5,24;12,05;2,12;0,80;41,94;37,37;20,49;6,61;7,79;0,37;0,12;2,47;-14,97;-1,16;0,86;17,60;6,60;14,01;0,37;0,63;0,32;2,60;6,17;16.283,00
GEPA4;44,99;4,43;14,27;2,51;0,94;41,94;37,37;20,49;7,82;7,79;0,37;0,12;2,92;-17,73;-1,38;0,86;17,60;6,60;14,01;0,37;0,63;0,32;2,60;6,17;25.811,42
GFSA3;4,22;;71,86;0,57;0,20;34,98;8,11;1,87;16,57;27,92;11,35;0,39;1,34;0,70;-0,67;1,70;0,80;0,28;-0,25;0,35;0,65;0,15;-22,62;;13.757.633,63
GGBR3;11,00;1,27;19,19;0,65;0,31;9,76;6,87;2,54;7,09;13,42;5,27;0,48;0,49;1,81;-0,47;2,03;3,36;1,63;4,76;0,48;0,52;0,64;-1,88;;1.302.625,93
GGBR4;13,47;1,04;23,50;0,79;0,38;9,76;6,87;2,54;8,68;13,42;5,27;0,48;0,60;2,21;-0,58;2,03;3,36;1,63;4,76;0,48;0,52;0,64;-1,88;;236.157.320,23
GNDI3;62,20;0,27;78,04;5,74;2,81;27,50;11,04;5,30;37,50;37,56;0,06;0,01;4,14;-446,95;-3,57;0,97;7,36;3,61;8,32;0,49;0,51;0,68;23,03;48,67;223.212.735,25
GOAU3;5,66;1,41;6,31;0,21;0,10;9,76;6,85;2,51;2,31;7,75;5,28;0,48;0,16;0,59;-0,15;2,04;3,32;1,61;4,74;0,48;0,52;0,64;-1,88;;504.314,60
GOAU4;6,21;1,29;6,92;0,23;0,11;9,76;6,85;2,51;2,54;7,75;5,28;0,48;0,17;0,64;-0,17;2,04;3,32;1,61;4,74;0,48;0,52;0,64;-1,88;;87.224.151,48
GOLL4;12,02;;210,29;-5,31;2,47;29,27;15,38;1,29;17,68;20,41;2,72;;2,72;-6,94;-3,64;0,48;-2,52;1,17;147,43;-0,46;1,46;0,91;7,23;;137.396.155,50
GPAR3;27,50;;22,34;-1,32;1,46;50,19;59,41;43,02;16,17;15,86;-0,31;;9,61;5,61;-2,05;11,32;-5,91;6,56;-5,80;-1,11;2,11;0,15;32,90;;15.714,00
GPCP3;32,25;;6,81;0,94;0,23;20,67;8,37;3,50;2,85;5,03;2,35;0,78;0,24;3,94;-0,37;1,19;13,85;3,43;16,23;0,25;0,75;0,98;14,94;;249.078,50
GPCP4;0,00;;0,00;0,00;0,00;20,67;8,37;3,50;0,00;5,03;2,35;0,78;0,00;0,00;0,00;1,19;13,85;3,43;16,23;0,25;0,75;0,98;14,94;;
GPIV33;3,39;;-0,39;0,12;0,09;100,00;190,11;215,12;-0,45;1,00;1,44;-0,37;;0,31;-0,13;11,14;-29,33;-23,05;-26,08;0,79;0,21;-0,11;;;329.513,95
GRND3;7,26;3,65;14,61;1,82;1,56;45,81;17,80;22,19;18,21;15,26;-2,95;-0,29;3,24;3,10;-4,14;5,14;12,45;10,66;8,44;0,86;0,14;0,48;-1,23;-1,70;15.214.782,38
GSHP3;39,49;;-0,24;-0,25;0,04;67,92;86,47;-270,80;0,75;13,92;13,17;;0,65;0,49;-0,06;1,58;103,58;-17,64;4,67;-0,17;1,17;0,07;-11,94;;36.482,26
GUAR3;13,31;4,05;12,88;1,28;0,56;63,04;9,20;6,60;9,25;11,45;2,20;0,31;0,85;2,36;-1,30;1,69;9,95;4,31;7,81;0,43;0,57;0,65;7,23;11,09;19.960.413,30
HAGA3;3,34;;14,71;-0,52;0,71;23,06;19,41;11,86;8,99;6,81;0,62;;1,75;1,90;-3,71;1,86;-3,51;4,84;-10,58;-1,38;2,38;0,41;-4,49;-4,46;7.920,75
HAGA4;1,78;;7,84;-0,28;0,38;23,06;19,41;11,86;4,79;6,81;0,62;;0,93;1,01;-1,98;1,86;-3,51;4,84;-10,58;-1,38;2,38;0,41;-4,49;-4,46;51.508,98
HAPV3;54,87;0,60;50,27;5,49;3,19;38,76;16,62;12,56;37,99;38,16;0,17;0,02;6,31;49,53;-4,06;1,43;10,92;6,34;8,49;0,58;0,42;0,50;18,04;22,30;141.907.650,28
HBOR3;1,82;;-11,69;0,76;0,26;11,72;1,01;-8,07;93,62;164,40;70,78;0,57;0,94;0,55;-1,07;2,75;-6,50;-2,25;-0,32;0,35;0,65;0,28;-0,25;;22.193.133,15
HBTS5;9,00;0,54;-1,06;0,34;0,07;-7,58;-965,78;-880,58;-0,96;-2,37;-1,40;0,50;9,32;-1,81;-0,08;0,75;-32,54;-6,33;-27,39;0,19;0,81;0,01;;;6.525,45
HETA3;4,01;;0,60;-0,01;0,21;100,00;67,33;312,65;2,76;441,70;438,62;;1,86;-0,05;-0,22;0,01;-0,90;34,80;4,25;-38,79;39,79;0,11;-8,97;;
HETA4;4,69;;0,70;-0,01;0,24;100,00;67,33;312,65;3,23;441,70;438,62;;2,18;-0,06;-0,25;0,01;-0,90;34,80;4,25;-38,79;39,79;0,11;-8,97;;29.535,49
HGTX3;13,48;4,01;12,66;1,56;1,14;43,23;8,94;11,96;16,94;14,60;-2,34;-0,22;1,51;2,56;-3,60;2,90;12,32;9,04;7,37;0,73;0,27;0,76;-0,51;-5,25;50.493.334,40
HOOT3;0,00;;0,00;0,00;0,00;65,71;-117,20;-150,19;0,00;-0,14;0,01;;0,00;0,00;0,00;0,04;35,59;-28,61;28,40;-0,80;1,80;0,19;-8,87;;
HOOT4;2,04;;-0,27;-0,10;0,08;65,71;-117,20;-150,19;-0,35;-0,14;0,01;;0,41;-0,07;-0,08;0,04;35,59;-28,61;28,40;-0,80;1,80;0,19;-8,87;;6.697,49
HYPE3;32,33;3,43;18,91;2,33;1,69;65,56;25,03;29,01;21,92;21,67;-0,25;-0,03;5,49;6,50;-2,77;3,00;12,30;8,93;7,29;0,73;0,27;0,31;2,19;15,76;116.818.143,13
IDNT3;2,32;;57,78;10,61;2,86;;;;115,97;115,04;-0,93;-0,09;;-215,18;-3,02;0,79;18,37;4,95;-6,32;0,27;0,73;0,00;;;211.362,58
IDVL3;1,97;;-14,95;0,44;0,06;5,26;-73,30;-7,67;-1,56;-1,58;;;1,15;0,37;-0,15;1,37;-2,98;-0,40;;0,13;0,87;0,05;-33,79;;78.337,53
IDVL4;2,47;;-18,75;0,56;0,07;5,26;-73,30;-7,67;-1,96;-1,58;;;1,44;0,46;-0,19;1,37;-2,98;-0,40;;0,13;0,87;0,05;-33,79;;22.867,95
IGBR3;2,55;;-0,34;-0,04;0,13;79,36;-147,60;-1.505,84;-3,45;-105,03;-101,59;;5,09;-0,37;-0,13;0,03;10,45;-37,91;-25,46;-3,63;4,63;0,03;-9,22;;225.128,78
IGSN3;0,00;;0,00;0,00;0,00;37,20;21,99;5,76;0,00;5,56;5,56;1,28;0,00;0,00;0,00;1,22;6,04;2,07;7,82;0,34;0,66;0,36;13,84;;
IGTA3;32,65;0,65;21,25;1,92;0,98;64,95;64,32;36,85;12,18;15,62;3,44;0,54;7,83;8,57;-1,19;2,86;9,02;4,60;6,76;0,51;0,49;0,12;3,46;10,17;75.344.442,05
INEP3;5,98;;-0,13;-0,03;0,03;31,12;-990,22;-1.399,61;-0,18;-2,61;-2,43;;1,81;-0,03;-0,04;0,14;21,77;-25,95;24,77;-1,19;2,19;0,02;-39,82;;25.019,69
INEP4;5,70;;-0,12;-0,03;0,03;31,12;-990,22;-1.399,61;-0,17;-2,61;-2,43;;1,72;-0,03;-0,04;0,14;21,77;-25,95;24,77;-1,19;2,19;0,02;-39,82;;61.557,70
INNT3;0,00;;0,00;0,00;0,00;34,01;18,03;16,57;0,00;2,19;2,19;2,14;0,00;0,00;0,00;2,18;89,93;6,89;18,48;0,08;0,92;0,42;43,89;22,72;
IRBR3;8,37;2,55;4,44;1,69;0,46;19,25;13,78;26,66;8,60;8,60;;;1,18;-24,81;-1,27;0,97;38,00;10,27;;0,27;0,73;0,39;12,04;18,22;290.006.618,40
ITEC3;40,10;;-35,12;22,04;9,22;-121,18;-18.852,94;-7.435,88;-13,85;-13,21;0,64;-1,02;2.611,73;25,42;-16,70;5,23;-62,76;-26,24;-174,07;0,42;0,58;0,00;-66,88;;
ITSA3;10,43;8,53;9,63;1,60;1,36;27,44;195,65;178,72;8,79;8,06;0,10;0,02;17,20;22,33;-1,51;2,58;16,57;14,16;16,32;0,85;0,15;0,08;0,50;3,28;2.798.426,60
ITSA4;8,92;9,98;8,23;1,36;1,17;27,44;195,65;178,72;7,52;8,06;0,10;0,02;14,71;19,10;-1,30;2,58;16,57;14,16;16,32;0,85;0,15;0,08;0,50;3,28;288.605.416,20
ITUB3;21,94;9,24;8,75;1,50;0,12;51,18;5,65;11,19;17,32;17,77;;;0,98;;-0,12;;17,13;1,33;;0,08;0,92;0,12;8,30;1,24;20.815.799,85
ITUB4;23,10;8,77;9,21;1,58;0,12;51,18;5,65;11,19;18,24;17,77;;;1,03;;-0,13;;17,13;1,33;;0,08;0,92;0,12;8,30;1,24;919.471.316,80
JBDU3;1,93;;-0,65;0,14;0,05;;;;-0,39;-0,48;-0,19;0,07;;-0,31;-0,05;0,00;-22,06;-7,85;-48,45;0,36;0,64;0,00;;;10.769,80
JBDU4;1,23;;-0,41;0,09;0,03;;;;-0,25;-0,48;-0,19;0,07;;-0,19;-0,03;0,00;-22,06;-7,85;-48,45;0,36;0,64;0,00;;;49.356,20
JBSS3;21,92;2,47;-101,26;1,78;0,39;15,41;6,50;-0,27;4,25;8,30;4,05;1,70;0,28;2,40;-0,63;1,74;-1,76;-0,39;12,07;0,22;0,78;1,41;4,65;4,74;446.837.483,43
JFEN3;2,69;;-0,66;1,09;0,16;-62,75;-409,71;-433,10;-0,70;-2,19;-1,49;2,31;2,86;0,58;-0,83;1,52;-164,02;-24,39;-46,98;0,15;0,85;0,06;-34,17;;226.469,80
JHSF3;4,78;1,74;9,32;1,01;0,52;49,43;89,60;48,44;5,04;6,26;1,22;0,25;4,52;6,86;-0,61;2,09;10,83;5,60;11,02;0,52;0,48;0,12;0,18;24,38;31.391.935,95
JOPA3;23,98;;11,49;0,38;0,14;27,77;4,71;1,77;4,32;13,32;8,99;0,78;0,20;0,51;-0,37;1,78;3,27;1,22;3,36;0,37;0,63;0,69;2,89;-9,17;12.073,80
JOPA4;26,00;;12,46;0,41;0,15;27,77;4,71;1,77;4,69;13,32;8,99;0,78;0,22;0,55;-0,40;1,78;3,27;1,22;3,36;0,37;0,63;0,69;2,89;-9,17;2.510,50
JPSA3;22,50;;6,92;0,65;0,34;66,61;63,93;37,81;4,10;7,14;3,04;0,49;2,62;2,22;-0,43;4,16;9,44;4,97;7,23;0,53;0,47;0,13;3,48;;8.579.363,05
JSLG3;20,34;1,20;24,53;1,83;0,20;21,32;9,88;1,75;4,33;13,90;9,56;4,04;0,43;0,82;-0,35;2,13;7,45;0,80;5,12;0,11;0,89;0,46;10,09;46,78;20.466.416,50
KEPL3;30,00;1,32;18,69;1,66;1,19;25,76;9,44;7,37;14,58;14,20;-0,38;-0,04;1,38;5,70;-2,13;1,91;8,87;6,38;8,04;0,72;0,28;0,87;-3,74;43,21;2.140.782,38
KLBN11;19,69;3,42;-9,55;6,23;0,63;34,29;25,31;-21,51;8,12;15,88;7,76;5,96;2,05;2,36;-0,98;3,93;-65,24;-6,60;2,52;0,10;0,90;0,31;12,55;;172.999.967,38
KLBN3;4,05;3,32;-9,82;6,40;0,65;34,29;25,31;-21,51;8,35;15,88;7,76;5,96;2,11;2,43;-1,01;3,93;-65,24;-6,60;2,52;0,10;0,90;0,31;12,55;;1.847.767,38
KLBN4;3,91;3,44;-9,48;6,18;0,63;34,29;25,31;-21,51;8,06;15,88;7,76;5,96;2,04;2,34;-0,97;3,93;-65,24;-6,60;2,52;0,10;0,90;0,31;12,55;;10.543.198,90
LAME3;23,42;0,78;63,53;5,02;1,12;36,15;10,61;3,07;18,39;24,46;3,59;0,98;1,95;4,00;-2,63;1,95;7,90;1,76;7,21;0,22;0,78;0,57;1,12;55,24;40.922.461,55
LAME4;28,18;0,65;76,44;6,04;1,35;36,15;10,61;3,07;22,13;24,46;3,59;0,98;2,35;4,81;-3,16;1,95;7,90;1,76;7,21;0,22;0,78;0,57;1,12;55,24;242.693.707,25
LCAM3;14,77;3,04;21,85;1,90;0,70;26,65;15,59;6,90;9,66;14,48;4,81;0,94;1,51;10,90;-0,92;1,36;8,69;3,19;7,72;0,37;0,63;0,46;46,62;78,69;51.080.947,50
LEVE3;17,77;3,59;10,70;1,71;0,81;25,56;12,68;8,60;7,26;8,14;0,88;0,21;0,92;4,21;-1,77;1,56;16,00;7,60;13,65;0,47;0,53;0,88;0,75;8,25;7.486.655,03
LHER3;0,00;;0,00;0,00;0,00;63,41;22,35;10,99;0,00;-3,77;-3,77;-0,15;0,00;0,00;0,00;6,36;1,95;0,67;3,94;0,34;0,66;0,06;3,19;-7,02;
LHER4;0,00;;0,00;0,00;0,00;63,41;22,35;10,99;0,00;-3,77;-3,77;-0,15;0,00;0,00;0,00;6,36;1,95;0,67;3,94;0,34;0,66;0,06;3,19;-7,02;
LIGT3;13,93;;3,18;0,63;0,17;25,03;8,88;10,15;3,64;10,42;6,78;1,17;0,32;3,07;-0,23;1,28;19,81;5,40;3,06;0,27;0,73;0,53;4,18;103,73;45.869.097,78
LINX3;20,53;0,55;100,02;2,17;1,52;65,47;10,29;4,93;47,94;40,03;-7,91;-0,36;4,93;4,18;-3,08;3,51;2,17;1,52;2,64;0,70;0,30;0,31;11,90;-9,44;37.354.091,18
LIPR3;76,50;;33,95;4,78;4,18;;;;38,24;34,44;-3,81;-0,48;;12,79;-7,37;4,10;14,09;12,31;11,87;0,87;0,13;0,00;;;11.545,00
LIQO3;4,30;;-0,28;-0,71;0,09;-17,07;-29,80;-48,96;-0,46;-1,97;-1,51;;0,14;-0,50;-0,11;0,49;255,17;-32,62;-102,93;-0,13;1,13;0,67;-18,47;;69.417,31
LLIS3;5,75;;-2,05;0,17;0,09;47,52;-9,10;-20,23;-4,56;-16,12;-11,56;0,44;0,41;-2,59;-0,12;0,87;-8,46;-4,50;-4,17;0,53;0,47;0,22;-4,30;;1.155.926,35
LOGG3;23,40;1,50;24,46;0,81;0,59;98,37;137,67;74,03;13,15;15,30;2,15;0,13;18,10;3,63;-0,75;4,98;3,30;2,43;3,53;0,74;0,26;0,03;6,62;40,26;10.889.985,60
LOGN3;13,95;;-13,54;7,21;0,77;17,06;14,56;-10,02;9,32;14,09;4,77;3,69;1,36;2,99;-1,39;2,32;-53,29;-5,66;9,49;0,11;0,89;0,57;3,30;;20.711.631,10
LPSB3;3,76;;-199,86;3,13;1,37;83,67;2,65;-1,88;141,82;104,47;-37,35;-0,82;3,76;4,45;-2,61;2,83;-1,56;-0,68;-5,23;0,44;0,56;0,36;-6,29;;3.069.288,90
LREN3;38,50;0,85;32,31;6,53;2,61;61,47;14,94;9,92;21,44;21,98;0,54;0,16;3,20;17,06;-5,96;1,37;20,22;8,07;15,12;0,40;0,60;0,81;9,31;13,68;440.938.595,03
LTEL3B;0,00;;0,00;0,00;0,00;;;;0,00;0,12;0,12;0,10;;0,00;0,00;16,35;67,35;56,66;56,84;0,84;0,16;0,00;;;
LUPA3;1,56;;-0,55;0,52;0,08;-11,85;-202,54;-533,34;-1,46;-7,56;-6,10;2,16;2,96;0,30;-0,13;2,91;-93,19;-13,87;-12,23;0,15;0,85;0,03;-34,37;;1.071.883,23
LUXM3;0,00;;0,00;0,00;0,00;27,46;15,69;10,90;0,00;6,34;1,37;0,25;0,00;0,00;0,00;1,61;12,81;6,87;8,76;0,54;0,46;0,63;9,84;8,95;
LUXM4;32,00;4,39;12,81;1,64;0,88;27,46;15,69;10,90;8,90;6,34;1,37;0,25;1,40;7,14;-1,31;1,61;12,81;6,87;8,76;0,54;0,46;0,63;9,84;8,95;28.958,33
LWSA3;26,20;;228,16;5,17;3,02;41,29;10,80;3,54;74,84;66,64;-8,21;-0,57;8,08;6,89;-9,81;2,73;2,27;1,32;4,56;0,58;0,42;0,37;;;24.869.838,13
MAPT3;65,00;;-366,43;-10,71;77,27;;;;-370,98;-272,87;0,00;;;-14.932,04;-77,27;0,00;2,92;-21,09;2,89;-7,21;8,21;0,00;;;
MAPT4;30,99;;-174,70;-5,11;36,84;;;;-176,87;-272,87;0,00;;;-7.119,14;-36,84;0,00;2,92;-21,09;2,89;-7,21;8,21;0,00;;;15.696,50
MDIA3;36,20;0,69;19,27;2,00;1,39;36,32;10,07;9,92;18,97;20,14;1,17;0,12;1,91;9,48;-2,12;1,73;10,39;7,19;7,88;0,69;0,31;0,73;5,72;-1,61;44.016.720,05
MDNE3;7,02;;-4,23;0,55;0,27;31,71;8,38;-45,97;23,22;27,54;4,31;0,10;1,95;0,80;-0,59;2,64;-13,08;-6,35;1,26;0,49;0,51;0,14;-12,23;;3.868.451,10
MEAL3;3,56;;23,83;0,61;0,26;33,39;4,12;1,77;10,27;13,64;3,37;0,20;0,42;11,37;-0,33;1,12;2,56;1,09;3,84;0,43;0,57;0,61;-0,15;;21.191.374,00
MERC3;7,10;1,74;12,69;0,52;0,34;70,55;18,70;13,95;9,47;10,65;;;1,77;1,41;-0,69;1,86;4,13;2,65;;0,64;0,36;0,19;-22,11;;
MERC4;9,14;5,41;16,33;0,67;0,43;70,55;18,70;13,95;12,19;10,65;;;2,28;1,82;-0,89;1,86;4,13;2,65;;0,64;0,36;0,19;-22,11;;51.829,81
MGEL3;0,00;;0,00;0,00;0,00;14,58;8,60;-3,57;0,00;13,76;13,31;;0,00;0,00;0,00;3,05;5,16;-5,22;15,23;-1,01;2,01;1,46;5,41;;
MGEL4;5,49;;-1,66;-0,09;0,09;14,58;8,60;-3,57;0,69;13,76;13,31;;0,06;0,23;-0,20;3,05;5,16;-5,22;15,23;-1,01;2,01;1,46;5,41;;13.832,41
MGLU3;64,83;0,17;128,37;13,99;5,95;27,72;5,55;3,95;91,20;89,67;-1,53;-0,23;5,07;22,52;-14,79;1,79;10,90;4,63;10,58;0,43;0,57;1,17;17,24;;774.154.063,70
MILS3;5,44;;-37,23;1,24;0,93;38,14;-6,09;-7,44;-45,47;-45,32;0,16;0,00;2,77;5,27;-1,32;2,51;-3,33;-2,51;-2,77;0,75;0,25;0,34;-5,27;;7.493.999,48
MMAQ3;0,00;;0,00;0,00;0,00;7,60;7,53;6,58;0,00;-1,10;-1,10;-0,23;0,00;0,00;0,00;2,41;18,65;12,00;15,76;0,64;0,36;1,82;17,68;31,97;
MMAQ4;0,00;;0,00;0,00;0,00;7,60;7,53;6,58;0,00;-1,10;-1,10;-0,23;0,00;0,00;0,00;2,41;18,65;12,00;15,76;0,64;0,36;1,82;17,68;31,97;
MMXM3;1,64;;-0,09;-0,01;0,09;-21,10;-6.517,35;-9.647,88;-0,13;-2,41;-2,28;;8,51;-0,01;-0,11;0,03;16,45;-98,34;15,41;-5,98;6,98;0,01;27,80;;25.661,40
MNDL3;21,60;;-5,17;-0,37;0,05;33,66;11,39;-2,13;0,97;4,56;3,59;;0,11;-0,08;-0,07;0,29;7,13;-1,00;90,38;-0,14;1,14;0,47;3,75;;130.965,63
MNPR3;3,87;;-0,83;-0,07;0,14;28,37;14,13;-14,02;0,83;0,83;0,01;;0,12;-0,07;-0,20;0,13;8,40;-16,53;-8,29;-1,97;2,97;1,18;2,59;;19.474,87
MOAR3;130,00;5,40;-38,96;1,73;1,05;100,00;60.457,03;15.969,53;-10,29;-8,94;1,35;-0,23;;3,75;-1,83;2,95;-4,43;-2,70;-13,21;0,61;0,39;0,00;-21,94;0,83;68.474,36
MOVI3;11,24;3,30;47,02;1,54;0,46;24,28;5,98;1,77;13,93;23,13;9,20;1,02;0,83;-11,00;-0,64;0,87;3,28;0,98;4,11;0,30;0,70;0,55;25,88;27,71;38.658.978,48
MPLU3;26,80;;12,20;17,37;2,68;95,29;66,35;56,37;10,37;7,73;-2,64;-4,42;6,88;50,65;-23,58;1,06;142,40;21,94;100,98;0,15;0,85;0,39;-19,05;1,86;
MRFG3;13,07;;6,60;16,23;0,27;13,67;7,50;2,70;2,38;7,48;5,10;34,86;0,18;4,93;-0,45;1,15;245,71;4,04;12,66;0,02;0,98;1,50;20,06;;174.777.950,40
MRSA3B;38,90;0,90;26,28;3,22;1,23;25,71;32,57;15,73;12,69;;2,30;0,58;4,13;1.373,56;-1,50;1,01;12,27;4,69;11,00;0,38;0,62;0,30;0,18;11,22;61.658,40
MRSA5B;20,00;1,92;13,51;1,66;0,63;25,71;32,57;15,73;6,52;;2,30;0,58;2,12;706,20;-0,77;1,01;12,27;4,69;11,00;0,38;0,62;0,30;0,18;11,22;4.947,78
MRSA6B;20,00;1,92;13,51;1,66;0,63;25,71;32,57;15,73;6,52;;2,30;0,58;2,12;706,20;-0,77;1,01;12,27;4,69;11,00;0,38;0,62;0,30;0,18;11,22;5.254,67
MRVE3;15,28;7,27;10,88;1,29;0,46;29,46;11,04;11,18;11,01;15,66;4,65;0,55;1,22;1,57;-0,89;2,49;11,88;4,19;5,50;0,35;0,65;0,37;4,92;4,67;75.202.737,65
MSPA3;46,50;;-8,14;0,34;0,21;37,20;-33,58;-30,06;-7,29;-7,58;-0,20;0,01;2,45;4,32;-0,23;2,65;-4,14;-2,56;-4,44;0,62;0,38;0,09;1,64;;4.650,00
MSPA4;51,50;;-9,02;0,37;0,23;37,20;-33,58;-30,06;-8,07;-7,58;-0,20;0,01;2,71;4,79;-0,25;2,65;-4,14;-2,56;-4,44;0,62;0,38;0,09;1,64;;
MSRO3;0,01;;0,05;0,00;0,00;31,62;21,17;0,37;0,00;6,76;6,76;2,81;0,00;0,00;0,00;0,74;0,73;0,15;9,34;0,20;0,80;0,39;8,47;;
MTIG3;0,00;;0,00;0,00;0,00;15,87;-0,72;10,44;0,00;-71,42;-64,57;1,60;0,00;0,00;0,00;0,60;35,83;10,75;-31,10;0,30;0,70;1,03;2,36;;
MTIG4;40,44;;0,71;0,26;0,08;15,87;-0,72;10,44;-10,27;-71,42;-64,57;1,60;0,07;-0,34;-0,12;0,60;35,83;10,75;-31,10;0,30;0,70;1,03;2,36;;14.786,67
MTRE3;12,40;;64,88;1,37;1,05;30,91;10,23;6,46;40,94;15,31;-25,63;-0,85;4,19;1,39;-10,04;6,39;2,10;1,62;2,55;0,77;0,23;0,25;;;7.091.951,30
MTSA3;35,00;1,03;23,48;1,33;0,96;23,81;7,80;4,63;13,93;8,84;-0,96;-0,09;1,09;2,00;-3,58;2,91;5,65;4,09;6,57;0,72;0,28;0,88;5,41;1,65;22.699,75
MTSA4;15,78;2,53;10,58;0,60;0,43;23,81;7,80;4,63;6,28;8,84;-0,96;-0,09;0,49;0,90;-1,61;2,91;5,65;4,09;6,57;0,72;0,28;0,88;5,41;1,65;87.345,05
MULT3;20,69;2,27;22,37;2,14;1,19;79,75;61,35;41,97;15,30;18,02;2,72;0,38;9,39;33,45;-1,39;1,33;9,56;5,34;7,54;0,56;0,44;0,13;4,16;5,33;158.072.781,65
MWET3;7,00;;-0,37;-0,07;0,08;8,42;-7,58;-21,84;-1,06;-6,16;-5,47;;0,08;-0,12;-0,11;0,25;18,64;-22,54;10,65;-1,21;2,21;1,03;3,38;;6.550,00
MWET4;3,26;;-0,17;-0,03;0,04;8,42;-7,58;-21,84;-0,49;-6,16;-5,47;;0,04;-0,06;-0,05;0,25;18,64;-22,54;10,65;-1,21;2,21;1,03;3,38;;42.218,29
MYPK3;13,98;6,07;5,80;0,51;0,18;10,96;6,32;3,79;3,48;8,60;5,12;0,76;0,22;2,58;-0,30;1,23;8,86;3,16;6,04;0,36;0,64;0,83;7,91;28,59;32.081.858,63
NAFG3;64,37;;11,88;2,74;1,15;41,15;16,49;9,28;6,68;7,86;1,17;0,48;1,10;3,20;-2,87;2,52;23,09;9,71;15,89;0,42;0,58;1,05;6,81;57,09;9.648,50
NAFG4;64,42;;11,89;2,74;1,15;41,15;16,49;9,28;6,69;7,86;1,17;0,48;1,10;3,20;-2,87;2,52;23,09;9,71;15,89;0,42;0,58;1,05;6,81;57,09;77.304,00
NEMO3;0,00;;0,00;0,00;0,00;23,65;13,87;-54,97;0,00;;17,48;13,96;0,00;0,00;0,00;1,29;-316,55;-14,22;-5,78;0,04;0,96;0,26;20,53;;
NEMO5;0,00;;0,00;0,00;0,00;23,65;13,87;-54,97;0,00;;17,48;13,96;0,00;0,00;0,00;1,29;-316,55;-14,22;-5,78;0,04;0,96;0,26;20,53;;
NEMO6;0,00;;0,00;0,00;0,00;23,65;13,87;-54,97;0,00;;17,48;13,96;0,00;0,00;0,00;1,29;-316,55;-14,22;-5,78;0,04;0,96;0,26;20,53;;
NEOE3;18,46;2,48;9,35;1,11;0,38;23,27;15,65;8,48;5,06;9,97;4,90;1,07;0,79;5,31;-0,52;1,39;11,86;4,12;8,10;0,35;0,65;0,49;14,27;44,08;66.019.203,03
NORD3;3,73;;-8.232,71;-0,18;1,45;91,86;205,04;-0,19;7,78;19,47;11,69;;15,95;-0,51;-1,55;0,02;0,00;-0,02;-3,11;-8,19;9,19;0,09;;;12.926,93
NRTQ3;0,00;;0,00;0,00;0,00;26,96;13,95;9,21;0,00;-0,91;-0,91;-0,16;0,00;0,00;0,00;3,01;11,76;8,12;12,38;0,69;0,31;0,88;3,38;-5,97;
NTCO3;37,18;0,34;-64,72;2,18;0,79;67,96;3,49;-3,59;66,57;88,80;22,24;0,73;2,32;18,99;-1,05;1,20;-3,37;-1,22;1,08;0,36;0,64;0,34;12,83;-21,54;281.515.920,85
NUTR3;65,00;;0,24;0,65;0,14;17,42;1,38;54,33;9,47;22,39;12,92;0,88;0,13;0,77;-0,28;1,60;268,54;58,99;-43,19;0,22;0,78;1,09;12,71;;83.044,12
ODER4;0,00;;0,00;0,00;0,00;25,21;6,42;4,95;0,00;3,64;3,64;0,51;0,00;0,00;0,00;1,97;10,84;4,90;8,74;0,45;0,55;0,99;1,60;;
ODPV3;13,47;2,36;27,32;6,06;3,83;53,07;19,67;14,47;20,09;18,25;-1,84;-0,56;3,95;18,00;-7,58;1,76;22,18;14,02;20,78;0,63;0,37;0,97;7,68;5,19;27.599.456,08
OFSA3;24,00;0,07;26,14;2,64;1,40;49,17;11,97;7,73;16,88;19,73;2,84;0,44;2,02;6,51;-2,87;1,72;10,09;5,34;7,34;0,53;0,47;0,69;3,02;-7,73;522.048,63
OGXP3;1,63;;-2,15;-0,98;0,92;;;;-9,26;-9,26;0,00;;;-0,98;;0,51;45,53;-43,02;10,57;-0,94;1,94;0,00;;;
OIBR3;0,75;;-0,49;0,25;0,06;23,94;-14,79;-45,17;-1,50;-6,88;-5,36;0,90;0,22;0,73;-0,08;1,52;-51,11;-12,65;-8,29;0,25;0,75;0,28;-5,94;;99.154.717,53
OIBR4;1,10;;-0,72;0,37;0,09;23,94;-14,79;-45,17;-2,20;-6,88;-5,36;0,90;0,33;1,06;-0,12;1,52;-51,11;-12,65;-8,29;0,25;0,75;0,28;-5,94;;2.549.212,08
OMGE3;32,02;0,28;1.114,95;1,94;0,70;36,70;40,66;0,48;13,28;22,45;9,18;1,34;5,40;9,25;-0,81;2,46;0,17;0,06;5,09;0,36;0,64;0,13;47,92;46,86;21.602.932,38
OSXB3;3,15;;-0,02;0,00;0,00;100,00;-1.948,92;-5.570,69;-0,05;-21,49;-21,44;;0,95;-0,02;-0,01;0,03;12,37;-28,97;60,22;-2,34;3,34;0,01;-42,35;;14.120,53
PARD3;18,51;1,71;16,71;3,42;1,47;29,33;16,31;10,94;11,21;11,73;0,53;0,16;1,83;15,32;-2,13;1,45;20,45;8,77;18,71;0,43;0,57;0,80;11,89;13,47;8.089.075,85
PATI3;18,10;;18,55;0,78;0,35;11,82;3,97;1,70;7,93;8,76;0,66;0,06;0,31;0,68;-1,33;3,15;4,18;1,87;4,10;0,45;0,55;1,10;10,60;10,00;73.593,24
PATI4;27,00;;27,67;1,16;0,52;11,82;3,97;1,70;11,83;8,76;0,66;0,06;0,47;1,02;-1,99;3,15;4,18;1,87;4,10;0,45;0,55;1,10;10,60;10,00;5.264,00
PCAR3;62,88;1,13;33,18;1,21;0,28;21,29;2,84;0,80;9,34;15,80;6,46;0,84;0,27;-9,46;-0,43;0,92;3,65;0,85;4,98;0,23;0,77;1,07;8,77;;116.641.142,35
PCAR4;72,11;0,20;38,05;1,39;0,32;21,29;2,84;0,80;10,71;15,80;6,46;0,84;0,30;-10,85;-0,50;0,92;3,65;0,85;4,98;0,23;0,77;1,07;8,77;;132.993.317,74
PDGR3;3,43;;-0,03;-0,01;0,01;14,27;-178,95;-385,86;-0,07;-4,14;-4,07;;0,13;-0,01;-0,07;0,38;16,50;-45,19;11,96;-2,74;3,74;0,12;-30,29;;204.887,00
PEAB3;48,06;7,55;13,52;1,16;0,89;30,74;12,03;11,24;12,63;10,64;-3,57;-0,33;1,52;2,92;-1,56;3,49;8,58;6,60;5,34;0,77;0,23;0,59;7,19;11,98;11.329,58
PEAB4;60,00;6,65;16,87;1,45;1,11;30,74;12,03;11,24;15,77;10,64;-3,57;-0,33;1,90;3,64;-1,95;3,49;8,58;6,60;5,34;0,77;0,23;0,59;7,19;11,98;17.750,00
PETR3;21,00;3,02;-21,08;1,17;0,28;42,76;7,30;-4,36;12,60;29,94;17,48;1,62;0,92;9,54;-0,34;1,21;-5,53;-1,34;2,74;0,24;0,76;0,31;-1,24;;462.512.802,03
PETR4;20,44;4,03;-20,52;1,14;0,27;42,76;7,30;-4,36;12,26;29,94;17,48;1,62;0,90;9,28;-0,33;1,21;-5,53;-1,34;2,74;0,24;0,76;0,31;-1,24;;1.736.726.225,75
PFRM3;4,56;;26,54;0,56;0,16;14,90;1,42;0,42;7,80;16,53;8,73;0,63;0,11;1,14;-0,50;1,25;2,12;0,59;3,28;0,28;0,72;1,42;6,74;;2.360.974,85
PINE3;0,00;;0,00;0,00;0,00;-13,87;-45,56;-12,97;0,00;-0,71;;;0,00;0,00;0,00;0,96;-9,47;-0,70;;0,07;0,93;0,05;-1,60;;
PINE4;2,74;;-5,09;0,48;0,04;-13,87;-45,56;-12,97;-1,45;-0,71;;;0,66;-2,41;-0,05;0,96;-9,47;-0,70;;0,07;0,93;0,05;-1,60;;1.679.395,05
PLAS3;4,30;;-7,83;-0,74;0,08;7,68;1,57;-1,67;8,38;36,34;27,96;;0,13;-0,30;-0,11;0,44;9,45;-1,08;3,81;-0,11;1,11;0,65;-3,25;;8.058,13
PMAM3;10,28;;-0,80;7,02;0,11;0,24;1,67;-11,58;5,58;39,15;33,57;42,23;0,09;-0,23;-0,19;0,48;-874,44;-13,66;-5,02;0,02;0,98;1,18;-0,55;;2.226.521,30
PNVL3;23,55;0,71;40,96;5,97;2,01;29,58;4,45;2,80;25,78;29,04;3,88;0,90;1,15;8,99;-5,11;1,58;14,58;4,90;10,20;0,34;0,66;1,75;6,53;11,14;2.531.153,05
PNVL4;17,90;1,03;31,13;4,54;1,53;29,58;4,45;2,80;19,59;29,04;3,88;0,90;0,87;6,83;-3,88;1,58;14,58;4,90;10,20;0,34;0,66;1,75;6,53;11,14;189.995,20
POMO3;2,54;5,24;12,29;0,97;0,43;15,28;6,66;4,52;8,33;12,28;3,74;0,44;0,55;1,98;-0,89;1,71;7,93;3,49;6,05;0,44;0,56;0,77;9,51;18,94;879.934,25
POMO4;2,64;5,04;12,77;1,01;0,45;15,28;6,66;4,52;8,66;12,28;3,74;0,44;0,58;2,06;-0,93;1,71;7,93;3,49;6,05;0,44;0,56;0,77;9,51;18,94;25.675.249,50
POSI3;4,06;;27,61;1,08;0,30;25,07;5,16;1,09;5,82;8,37;2,54;0,47;0,30;1,97;-1,22;1,25;3,90;1,07;7,33;0,27;0,73;0,98;0,77;;19.506.506,83
PPAR3;250.020,00;;46.023,58;542,17;397,51;;;;61.671,60;61.663,18;-8,42;-0,07;;7.421,37;-421,42;17,84;1,18;0,86;0,86;0,73;0,27;0,00;;-2,14;
PPLA11;11,28;;-9,16;1.221,13;1.221,13;;;;-9,16;-9,16;;;;;-1.221,13;;-13.330,77;-13.330,77;;1,00;0,00;0,00;;;227.713,35
PRIO3;31,51;;6,21;1,93;0,68;36,29;59,34;42,48;4,45;7,08;2,64;1,15;2,64;-7,00;-0,91;0,72;31,16;10,99;17,63;0,35;0,65;0,26;45,40;41,93;122.486.520,50
PRNR3;9,10;;-32,06;4,64;1,45;14,06;2,23;-3,10;44,61;49,96;5,35;0,56;0,99;10,59;-3,10;1,34;-14,47;-4,51;1,73;0,31;0,69;1,46;;;1.312.593,75
PSSA3;47,56;4,91;11,75;1,91;0,47;100,00;6,31;7,18;13,38;3,94;-9,44;-1,34;0,84;3,15;-1,58;1,27;16,21;3,97;6,71;0,24;0,76;0,55;3,19;6,68;36.650.723,80
PTBL3;3,32;1,19;10,24;1,42;0,26;33,25;9,31;4,47;4,92;9,78;4,86;1,40;0,46;2,64;-0,49;1,26;13,84;2,52;8,46;0,18;0,82;0,56;1,00;-24,22;5.255.166,35
PTCA11;0,00;;0,00;0,00;0,00;44,03;10,21;5,83;0,00;;2,66;0,79;0,00;0,00;0,00;1,72;17,05;6,39;12,70;0,37;0,63;1,10;66,37;81,56;
PTCA3;0,00;;0,00;0,00;0,00;44,03;10,21;5,83;0,00;;2,66;0,79;0,00;0,00;0,00;1,72;17,05;6,39;12,70;0,37;0,63;1,10;66,37;81,56;
PTNT3;7,92;2,23;14,84;1,43;0,71;12,38;5,04;4,86;14,29;12,85;3,23;0,32;0,72;5,91;-1,31;1,36;9,63;4,78;6,31;0,50;0,50;0,98;4,59;11,27;4.320,50
PTNT4;4,03;4,38;7,55;0,73;0,36;12,38;5,04;4,86;7,27;12,85;3,23;0,32;0,37;3,01;-0,67;1,36;9,63;4,78;6,31;0,50;0,50;0,98;4,59;11,27;130.913,73
QUAL3;23,76;17,44;18,41;4,48;1,94;81,37;28,04;17,98;11,80;13,03;1,23;0,47;3,31;11,65;-2,82;2,12;24,35;10,52;14,81;0,43;0,57;0,59;2,97;10,27;96.474.728,25
QUSW3;0,00;;0,00;0,00;0,00;24,86;9,49;2,84;0,00;1,45;1,45;0,40;0,00;0,00;0,00;1,26;8,25;3,50;10,97;0,42;0,58;1,23;15,03;-21,64;
QVQP3B;0,00;;0,00;0,00;0,00;;;;0,00;0,29;0,29;-0,75;;0,00;0,00;;-250,91;-250,91;-258,18;1,00;0,00;0,00;;;
RADL3;109,87;0,61;44,14;8,73;2,79;29,51;6,49;4,43;30,15;30,88;0,73;0,21;1,96;19,35;-5,45;1,42;19,78;6,31;21,11;0,32;0,68;1,42;14,57;18,34;210.766.049,33
RAIL3;22,40;;71,97;4,18;0,99;34,17;27,52;7,06;18,46;24,62;6,16;1,40;5,08;22,59;-1,14;1,47;5,81;1,37;8,15;0,24;0,76;0,19;11,31;;194.868.770,43
RANI3;3,37;0,32;-10,17;1,59;0,36;30,74;23,56;-6,11;2,64;6,20;3,38;2,03;0,62;6,93;-0,52;1,20;-15,58;-3,53;13,37;0,23;0,77;0,58;3,45;;119.062,50
RANI4;6,45;0,17;-19,47;3,03;0,69;30,74;23,56;-6,11;5,05;6,20;3,38;2,03;1,19;13,26;-1,00;1,20;-15,58;-3,53;13,37;0,23;0,77;0,58;3,45;;69.107,60
RAPT3;7,37;3,68;8,48;1,17;0,40;24,72;10,43;5,90;4,80;7,13;1,66;0,40;0,50;1,13;-0,99;2,49;13,81;4,75;7,97;0,34;0,66;0,80;10,44;;116.697,40
RAPT4;8,93;3,03;10,27;1,42;0,49;24,72;10,43;5,90;5,82;7,13;1,66;0,40;0,61;1,37;-1,20;2,49;13,81;4,75;7,97;0,34;0,66;0,80;10,44;;40.827.425,15
RCSL3;1,77;;-41,00;-1,97;3.530,01;23,59;2,25;-16,54;301,59;249,31;-0,17;;6,78;-11,02;-5,63;0,54;4,80;-8.608,85;-0,65;-1.795,00;2.795,00;520,40;99,40;;65.823,38
RCSL4;1,31;;-30,35;-1,46;2.612,60;23,59;2,25;-16,54;223,21;249,31;-0,17;;5,02;-8,16;-4,17;0,54;4,80;-8.608,85;-0,65;-1.795,00;2.795,00;520,40;99,40;;1.611.635,28
RDNI3;7,43;0,12;258,51;0,53;0,22;26,29;2,66;0,39;38,22;81,24;43,02;0,59;1,02;0,97;-0,36;2,43;0,20;0,09;-0,03;0,42;0,58;0,22;-10,52;-33,98;204.963,05
REDE3;10,04;2,27;25,77;4,39;1,06;20,28;14,07;7,42;13,60;18,08;4,48;1,45;1,91;14,04;-1,50;1,35;17,05;4,11;9,71;0,24;0,76;0,55;6,40;18,30;21.828,98
RENT3;38,44;1,03;34,14;5,37;1,41;25,20;14,66;8,10;18,87;23,51;4,64;1,32;2,77;17,67;-1,90;1,45;15,73;4,14;7,80;0,26;0,74;0,51;21,02;15,69;369.205.155,80
RLOG3;18,06;;17,60;1,00;0,24;34,17;27,37;6,91;4,45;10,64;6,20;1,40;1,22;5,42;-0,27;1,47;5,69;1,34;8,11;0,24;0,76;0,19;11,91;;9.698.950,85
RNEW11;6,15;;-0,08;-0,08;0,04;32,42;-572,97;-1.032,75;-0,15;-2,92;-2,77;;0,87;-0,03;-0,04;0,01;92,99;-43,52;-120,77;-0,47;1,47;0,04;-24,86;;209.467,23
RNEW3;2,46;;-0,10;-0,09;0,04;32,42;-572,97;-1.032,75;-0,18;-2,92;-2,77;;1,05;-0,04;-0,04;0,01;92,99;-43,52;-120,77;-0,47;1,47;0,04;-24,86;;45.735,20
RNEW4;1,84;;-0,08;-0,07;0,03;32,42;-572,97;-1.032,75;-0,14;-2,92;-2,77;;0,78;-0,03;-0,03;0,01;92,99;-43,52;-120,77;-0,47;1,47;0,04;-24,86;;78.605,10
ROMI3;10,67;10,78;8,04;0,84;0,44;28,79;6,51;10,29;12,71;18,12;5,41;0,36;0,83;1,86;-1,01;1,70;10,48;5,41;3,87;0,52;0,48;0,53;4,76;77,63;2.358.147,48
RPAD3;5,31;0,01;10,72;0,44;0,44;94,81;15.412,22;15.529,63;10,81;;-0,23;-0,01;1.665,42;-259,32;-0,44;0,86;4,14;4,09;4,11;0,99;0,01;0,00;8,18;-4,53;2.105,00
RPAD5;8,07;6,48;16,30;0,67;0,67;94,81;15.412,22;15.529,63;16,42;;-0,23;-0,01;2.531,06;-394,11;-0,67;0,86;4,14;4,09;4,11;0,99;0,01;0,00;8,18;-4,53;6.873,40
RPAD6;6,14;0,01;12,40;0,51;0,51;94,81;15.412,22;15.529,63;12,49;;-0,23;-0,01;1.925,74;-299,86;-0,51;0,86;4,14;4,09;4,11;0,99;0,01;0,00;8,18;-4,53;5.061,56
RPMG3;2,53;;-0,73;-0,06;0,08;-1,09;-19,18;-21,78;-0,83;-0,83;0,00;;0,16;-0,07;-0,87;0,47;8,61;-10,67;7,58;-1,24;2,24;0,49;33,55;;111.811,90
RSID3;4,09;;-0,12;-0,12;0,03;-41,26;-751,26;-1.039,12;-0,16;-3,33;-3,17;;1,20;-0,08;-0,06;0,49;107,97;-29,99;-49,15;-0,28;1,28;0,03;-45,17;;482.032,00
RSUL3;0,00;;0,00;0,00;0,00;33,17;18,00;10,30;0,00;0,95;0,13;;0,00;0,00;0,00;0,48;-661,22;9,13;771,17;-0,01;1,01;0,89;8,04;;
RSUL4;103,00;;3,47;-22,95;0,32;33,17;18,00;10,30;1,98;0,95;0,13;;0,36;-1,02;-0,45;0,48;-661,22;9,13;771,17;-0,01;1,01;0,89;8,04;;10.100,25
SANB11;25,63;11,18;6,73;0,96;0,12;34,12;3,14;19,04;40,75;40,75;;;1,28;;-0,12;;14,32;1,72;;0,12;0,88;0,09;0,84;11,08;77.272.240,05
SANB3;12,31;11,09;6,46;0,93;0,11;34,12;3,14;19,04;39,15;40,75;;;1,23;;-0,11;;14,32;1,72;;0,12;0,88;0,09;0,84;11,08;1.967.825,78
SANB4;12,21;12,30;6,41;0,92;0,11;34,12;3,14;19,04;38,83;40,75;;;1,22;;-0,11;;14,32;1,72;;0,12;0,88;0,09;0,84;11,08;2.189.416,90
SAPR11;27,69;4,00;7,48;1,30;0,67;61,18;34,87;22,97;4,93;6,50;1,57;0,41;1,72;21,48;-0,77;1,30;17,40;8,90;13,22;0,51;0,49;0,39;9,71;19,76;55.553.067,08
SAPR3;5,82;3,52;7,86;1,37;0,70;61,18;34,87;22,97;5,18;6,50;1,57;0,41;1,81;22,57;-0,81;1,30;17,40;8,90;13,22;0,51;0,49;0,39;9,71;19,76;764.194,28
SAPR4;5,32;4,24;7,19;1,25;0,64;61,18;34,87;22,97;4,73;6,50;1,57;0,41;1,65;20,63;-0,74;1,30;17,40;8,90;13,22;0,51;0,49;0,39;9,71;19,76;9.001.702,28
SBSP3;54,70;2,52;18,13;1,78;0,80;43,67;30,71;11,36;6,71;8,90;2,19;0,58;2,06;-20,87;-0,89;0,74;9,83;4,39;13,86;0,45;0,55;0,39;8,96;44,41;184.988.273,43
SCAR3;30,69;1,19;19,31;1,18;0,59;74,69;57,17;24,09;8,14;13,27;5,14;0,75;4,65;6,39;-0,70;2,44;6,13;3,04;6,61;0,50;0,50;0,13;-4,84;-11,86;472.970,00
SEDU3;23,80;;-13,38;14,95;1,53;48,36;-15,73;-25,73;-21,89;-27,94;-6,05;4,13;3,44;57,90;-2,27;1,09;-111,71;-11,44;-13,15;0,10;0,90;0,44;10,51;;
SEER3;14,56;2,07;19,31;1,41;0,76;53,34;17,57;7,58;8,33;8,14;-0,19;-0,03;1,46;7,99;-0,98;1,72;7,32;3,91;15,32;0,53;0,47;0,52;4,57;-3,27;14.546.757,05
SGPS3;5,52;;6,04;0,20;0,08;31,63;5,48;3,21;3,54;14,30;10,76;0,60;0,19;0,88;-0,14;1,33;3,30;1,39;3,18;0,42;0,58;0,43;-8,90;15,16;909.988,78
SHOW3;1,67;;-2,19;0,41;0,17;14,11;-12,65;-16,88;-2,92;-1,39;1,52;-0,22;0,37;0,91;-0,40;1,49;-18,85;-7,87;-9,51;0,42;0,58;0,47;-6,50;;1.101.402,18
SHUL3;0,00;;0,00;0,00;0,00;22,22;9,32;8,91;0,00;7,67;2,33;0,36;0,00;0,00;0,00;2,24;14,63;5,92;6,36;0,40;0,60;0,66;10,35;15,10;
SHUL4;10,27;1,50;9,74;1,42;0,58;22,22;9,32;8,91;9,31;7,67;2,33;0,36;0,87;1,62;-1,61;2,24;14,63;5,92;6,36;0,40;0,60;0,66;10,35;15,10;2.459.723,50
SLCE3;24,91;1,58;13,19;1,64;0,65;26,82;19,66;11,24;7,54;9,97;2,43;0,53;1,48;4,65;-1,19;1,45;12,42;4,95;9,79;0,40;0,60;0,44;11,54;21,06;37.956.081,20
SLED3;1,09;;-0,13;-0,25;0,05;29,79;-75,15;-47,50;-0,08;-0,99;-0,92;;0,06;-1,42;-0,07;0,89;184,19;-37,32;-165,40;-0,20;1,20;0,79;-17,69;;91.848,65
SLED4;0,69;;-0,08;-0,16;0,03;29,79;-75,15;-47,50;-0,05;-0,99;-0,92;;0,04;-0,90;-0,04;0,89;184,19;-37,32;-165,40;-0,20;1,20;0,79;-17,69;;384.493,90
SMFT3;0,00;;0,00;0,00;0,00;37,95;6,14;-16,06;0,00;8,98;8,98;0,50;0,00;0,00;0,00;1,66;-14,51;-4,28;1,36;0,29;0,71;0,27;29,93;;
SMLS3;12,15;2,22;2,41;1,20;0,50;93,01;72,86;59,62;1,97;0,46;-1,51;-0,92;1,44;1,59;-2,07;1,70;49,66;20,65;39,69;0,42;0,58;0,35;;;25.602.525,08
SMTO3;19,43;3,39;12,23;1,86;0,60;29,93;30,88;16,59;6,57;10,86;4,28;1,21;2,03;2,86;-0,89;2,75;15,22;4,89;10,30;0,32;0,68;0,29;11,89;1,72;35.240.536,28
SNSY3;0,00;;0,00;0,00;0,00;9,30;-22,14;-40,57;0,00;;-0,83;;0,00;0,00;0,00;0,55;14,93;-48,81;8,89;-3,27;4,27;1,20;1,78;;
SNSY5;80,00;;-0,08;-0,01;0,04;9,30;-22,14;-40,57;-0,15;;-0,83;;0,03;-0,10;-0,08;0,55;14,93;-48,81;8,89;-3,27;4,27;1,20;1,78;;25.664,00
SNSY6;0,00;;0,00;0,00;0,00;9,30;-22,14;-40,57;0,00;;-0,83;;0,00;0,00;0,00;0,55;14,93;-48,81;8,89;-3,27;4,27;1,20;1,78;;
SOND3;33,46;2,50;18,74;1,59;1,12;31,97;4,27;6,90;30,27;;-10,09;-0,53;1,29;2,86;-2,63;3,10;8,48;5,95;4,73;0,70;0,30;0,86;-10,60;;
SOND5;37,00;2,49;20,73;1,76;1,23;31,97;4,27;6,90;33,47;;-10,09;-0,53;1,43;3,16;-2,91;3,10;8,48;5,95;4,73;0,70;0,30;0,86;-10,60;;11.100,00
SOND6;32,01;2,88;17,93;1,52;1,07;31,97;4,27;6,90;28,96;;-10,09;-0,53;1,24;2,74;-2,52;3,10;8,48;5,95;4,73;0,70;0,30;0,86;-10,60;;3.201,00
SPRI3;10,60;;-4,82;0,77;0,72;;;;-4,42;;0,56;-0,10;;2,52;-1,08;7,86;-15,92;-14,98;-17,38;0,94;0,06;0,00;;;294.843,58
SPRI5;8,80;;-4,00;0,64;0,60;;;;-3,67;;0,56;-0,10;;2,09;-0,89;7,86;-15,92;-14,98;-17,38;0,94;0,06;0,00;;;38.572,18
SPRI6;22,00;;-10,01;1,59;1,50;;;;-9,17;;0,56;-0,10;;5,24;-2,23;7,86;-15,92;-14,98;-17,38;0,94;0,06;0,00;;;71.686,00
SPRT3B;0,90;;-32,01;-32,93;408,93;;;;-34,85;-34,85;0,00;;;-30,49;-411,12;0,00;102,88;-1.277,40;94,51;-12,42;13,42;0,00;;;
SQIA3;19,61;;-770,73;3,27;2,27;33,16;-0,45;-0,97;-1.676,92;-1.362,64;314,29;-0,61;7,47;4,28;-6,02;6,81;-0,42;-0,29;-0,61;0,70;0,30;0,30;18,39;;17.031.817,03
STBP3;4,20;0,42;251,00;2,10;0,88;26,15;9,20;1,16;31,56;32,27;0,71;0,05;2,90;9,39;-1,06;2,22;0,84;0,35;4,60;0,42;0,58;0,30;0,17;;17.731.688,83
STKF3;0,00;;0,00;0,00;0,00;52,23;28,54;13,66;0,00;2,06;2,06;0,20;0,00;0,00;0,00;1,52;4,71;2,85;5,76;0,61;0,39;0,21;12,55;;
STTR3;0,00;;0,00;0,00;0,00;33,80;12,33;12,53;0,00;0,55;0,55;0,13;0,00;0,00;0,00;3,75;23,94;13,99;15,42;0,58;0,42;1,12;16,73;;
SULA11;44,89;1,44;17,05;2,50;0,64;12,15;3,61;4,70;22,22;4,60;-17,63;-1,98;0,80;1,89;-2,12;1,93;14,65;3,74;5,94;0,26;0,74;0,80;7,60;9,88;151.380.676,88
SULA3;20,60;1,04;23,47;3,44;0,88;12,15;3,61;4,70;30,59;4,60;-17,63;-1,98;1,10;2,60;-2,92;1,93;14,65;3,74;5,94;0,26;0,74;0,80;7,60;9,88;78.833,68
SULA4;12,40;1,74;14,13;2,07;0,53;12,15;3,61;4,70;18,42;4,60;-17,63;-1,98;0,66;1,57;-1,76;1,93;14,65;3,74;5,94;0,26;0,74;0,80;7,60;9,88;91.108,15
SUZB3;37,91;;-3,44;11,06;0,49;23,65;13,89;-54,97;13,61;31,07;17,46;14,20;1,89;11,76;-0,60;1,29;-321,65;-14,23;-5,77;0,04;0,96;0,26;20,53;;420.445.135,63
TAEE11;28,67;8,11;8,18;1,86;0,80;66,77;80,74;56,32;5,71;9,00;3,29;1,07;4,61;4,51;-1,08;3,10;22,75;9,77;13,71;0,43;0,57;0,17;3,08;1,96;76.522.518,40
TAEE3;9,55;8,11;8,18;1,86;0,80;66,77;80,74;56,32;5,70;9,00;3,29;1,07;4,61;4,51;-1,08;3,10;22,75;9,77;13,71;0,43;0,57;0,17;3,08;1,96;318.069,45
TAEE4;9,56;8,11;8,19;1,86;0,80;66,77;80,74;56,32;5,71;9,00;3,29;1,07;4,61;4,52;-1,08;3,10;22,75;9,77;13,71;0,43;0,57;0,17;3,08;1,96;550.333,23
TASA3;3,88;;7,91;-1,13;0,32;34,08;10,57;4,34;3,25;10,21;6,76;;0,34;5,32;-0,92;1,10;-14,26;4,07;18,68;-0,29;1,29;0,94;3,94;;378.948,60
TASA4;4,38;;8,93;-1,27;0,36;34,08;10,57;4,34;3,67;10,21;6,76;;0,39;6,01;-1,04;1,10;-14,26;4,07;18,68;-0,29;1,29;0,94;3,94;;4.978.379,25
TCNO3;1,58;;-8,36;6,99;0,05;19,66;-256,62;-123,62;-4,03;-16,14;-12,75;22,12;10,34;-0,11;-0,05;0,30;-83,57;-0,54;-7,50;0,01;0,99;0,00;-41,18;;34.880,75
TCNO4;1,19;;-6,30;5,26;0,03;19,66;-256,62;-123,62;-3,03;-16,14;-12,75;22,12;7,78;-0,08;-0,04;0,30;-83,57;-0,54;-7,50;0,01;0,99;0,00;-41,18;;63.812,28
TCSA3;0,75;;-1,73;0,62;0,34;-5,14;-92,62;-107,43;-2,00;-2,36;-0,36;0,11;1,86;2,30;-0,53;1,73;-36,01;-19,76;-23,55;0,55;0,45;0,18;-22,05;;9.957.686,53
TECN3;1,18;;-0,76;0,27;0,14;34,55;-40,05;-38,79;-0,73;-1,06;-0,32;0,12;0,29;0,40;-0,33;2,41;-35,61;-18,14;-30,42;0,51;0,49;0,47;-4,46;;241.974,15
TEKA3;7,08;;-0,03;0,00;0,00;14,90;-19,13;-86,76;-0,13;-16,59;-16,48;;0,02;0,00;0,00;0,03;8,25;-13,17;2,78;-1,60;2,60;0,15;0,99;;2.794,78
TEKA4;5,80;;-0,02;0,00;0,00;14,90;-19,13;-86,76;-0,10;-16,59;-16,48;;0,02;0,00;0,00;0,03;8,25;-13,17;2,78;-1,60;2,60;0,15;0,99;;101.071,00
TELB3;71,70;;-20,49;2,95;1,13;-104,60;-60,17;-116,29;-39,59;-27,59;4,70;-0,35;23,82;5,15;-1,56;5,04;-14,42;-5,53;-6,40;0,38;0,62;0,05;35,27;;70.927,90
TELB4;22,95;;-6,56;0,95;0,36;-104,60;-60,17;-116,29;-12,67;-27,59;4,70;-0,35;7,63;1,65;-0,50;5,04;-14,42;-5,53;-6,40;0,38;0,62;0,05;35,27;;643.014,25
TEND3;25,09;1,83;11,31;1,91;0,73;32,48;13,42;11,83;9,97;9,47;-0,50;-0,10;1,34;1,49;-2,93;2,93;16,88;6,48;9,82;0,38;0,62;0,55;18,04;54,85;30.996.403,38
TESA3;11,45;;-2,11;0,32;0,10;16,54;7,61;-11,02;3,05;15,34;12,29;1,27;0,23;-2,64;-0,14;0,89;-14,98;-4,61;4,46;0,31;0,69;0,42;2,10;;474.612,70
TGMA3;19,08;8,33;6,75;2,12;1,30;21,28;17,34;14,03;5,46;5,95;0,49;0,19;0,95;6,26;-2,31;1,90;31,36;19,25;19,67;0,61;0,39;1,37;3,72;81,20;18.961.746,08
TIET11;13,57;5,09;17,28;3,55;0,67;33,95;37,62;15,34;7,05;10,77;3,72;1,88;2,65;-39,45;-0,87;0,93;20,53;3,88;12,04;0,19;0,81;0,25;-4,83;-17,87;26.085.708,08
TIET3;3,06;4,52;19,48;4,00;0,76;33,95;37,62;15,34;7,94;10,77;3,72;1,88;2,99;-44,48;-0,98;0,93;20,53;3,88;12,04;0,19;0,81;0,25;-4,83;-17,87;530.645,90
TIET4;2,65;5,21;16,87;3,46;0,65;33,95;37,62;15,34;6,88;10,77;3,72;1,88;2,59;-38,52;-0,85;0,93;20,53;3,88;12,04;0,19;0,81;0,25;-4,83;-17,87;1.608.036,95
TIMP3;13,57;3,03;8,97;1,45;0,83;57,26;26,33;21,06;7,17;7,35;0,18;0,04;1,89;26,72;-1,02;1,21;16,22;9,28;14,51;0,57;0,43;0,44;0,27;11,67;98.939.162,20
TKNO3;0,00;;0,00;0,00;0,00;20,50;8,19;6,29;0,00;2,37;-1,99;-0,13;0,00;0,00;0,00;3,17;5,16;4,10;2,96;0,79;0,21;0,65;4,23;;
TKNO4;39,20;;12,32;0,64;0,51;20,50;8,19;6,29;9,45;2,37;-1,99;-0,13;0,77;1,43;-1,04;3,17;5,16;4,10;2,96;0,79;0,21;0,65;4,23;;3.920,00
TOTS3;20,15;0,91;44,78;4,61;3,23;67,94;14,46;11,21;34,71;31,98;-2,74;-0,36;5,02;10,04;-6,67;2,66;10,29;7,21;8,67;0,70;0,30;0,64;3,64;1,56;117.070.999,55
TOYB3;2,29;;-43,94;-4,97;4,03;24,06;-10,70;-10,96;-45,00;-47,62;-0,63;;4,81;-5,93;-11,89;0,49;11,31;-9,18;11,93;-0,81;1,81;0,84;-30,92;;
TOYB4;2,50;;-47,96;-5,43;4,40;24,06;-10,70;-10,96;-49,12;-47,62;-0,63;;5,26;-6,47;-12,98;0,49;11,31;-9,18;11,93;-0,81;1,81;0,84;-30,92;;
TPIS3;1,07;;-1,01;0,26;0,05;11,06;-4,85;-18,14;-3,79;-40,55;-36,76;2,50;0,18;-0,21;-0,05;0,22;-25,44;-5,05;-5,73;0,20;0,80;0,28;-16,57;;544.167,10
TRIS3;8,05;3,99;9,65;1,33;0,80;36,88;21,73;19,73;8,76;8,17;-0,59;-0,09;1,90;1,53;-3,42;3,18;13,81;8,33;10,83;0,60;0,40;0,42;16,04;43,54;15.525.309,70
TRPL3;25,24;6,89;9,09;1,31;0,80;69,74;70,49;54,17;6,98;7,17;0,93;0,17;4,92;8,07;-0,98;2,21;14,38;8,83;12,40;0,61;0,39;0,16;20,76;28,03;75.257,23
TRPL4;20,81;8,36;7,49;1,08;0,66;69,74;70,49;54,17;5,76;7,17;0,93;0,17;4,06;6,65;-0,81;2,21;14,38;8,83;12,40;0,61;0,39;0,16;20,76;28,03;39.486.316,20
TRPN3;0,71;104,75;0,44;0,54;0,40;100,00;71,70;59,29;0,37;-0,36;-0,72;-1,07;0,26;0,59;-6,13;3,61;122,35;90,00;90,82;0,74;0,26;1,52;11,63;32,47;
TUPY3;15,17;;7,84;0,92;0,43;16,17;6,91;5,40;6,13;7,94;1,81;0,27;0,42;1,49;-0,87;2,31;11,68;5,44;7,67;0,47;0,53;1,01;8,54;4,85;13.674.554,93
TXRX3;10,00;;1,99;-0,15;0,23;31,55;23,55;20,38;1,72;9,38;8,31;;0,41;-0,16;-0,34;0,18;-7,35;11,61;-28,89;-1,58;2,58;0,57;6,60;;2.000,00
TXRX4;4,30;;0,86;-0,06;0,10;31,55;23,55;20,38;0,74;9,38;8,31;;0,17;-0,07;-0,15;0,18;-7,35;11,61;-28,89;-1,58;2,58;0,57;6,60;;46.842,63
UCAS3;3,55;12,48;15,74;1,46;1,14;39,56;11,07;10,22;14,54;12,00;-2,54;-0,26;1,61;3,47;-2,31;2,82;9,30;7,22;6,49;0,78;0,22;0,71;-7,68;6,53;953.112,20
UGPA3;17,12;2,57;57,97;2,01;0,58;6,76;1,50;0,37;14,12;23,52;9,40;1,34;0,21;1,97;-1,07;2,78;3,47;1,00;3,57;0,29;0,71;2,72;3,37;-23,25;143.353.607,03
UNIP3;27,80;2,83;124,73;1,95;0,69;26,07;10,56;0,71;8,36;;0,87;0,20;0,88;8,04;-1,05;1,34;1,57;0,55;11,97;0,35;0,65;0,78;28,83;14,43;85.385,05
UNIP5;26,60;5,37;119,35;1,87;0,66;26,07;10,56;0,71;8,00;;0,87;0,20;0,85;7,69;-1,00;1,34;1,57;0,55;11,97;0,35;0,65;0,78;28,83;14,43;25.986,18
UNIP6;22,69;3,82;101,80;1,60;0,56;26,07;10,56;0,71;6,82;;0,87;0,20;0,72;6,56;-0,85;1,34;1,57;0,55;11,97;0,35;0,65;0,78;28,83;14,43;3.943.422,28
USIM3;6,59;0,76;-66,83;0,53;0,31;12,42;6,63;-0,81;8,18;;3,52;0,23;0,54;1,25;-0,47;3,26;-0,79;-0,46;4,23;0,58;0,42;0,56;7,98;;1.572.359,10
USIM5;6,13;0,89;-62,16;0,49;0,28;12,42;6,63;-0,81;7,61;;3,52;0,23;0,50;1,16;-0,44;3,26;-0,79;-0,46;4,23;0,58;0,42;0,56;7,98;;120.739.104,70
USIM6;9,45;0,58;-95,83;0,76;0,44;12,42;6,63;-0,81;11,72;;3,52;0,23;0,78;1,79;-0,68;3,26;-0,79;-0,46;4,23;0,58;0,42;0,56;7,98;;10.450,00
VALE3;52,77;2,68;-184,25;1,61;0,63;42,73;11,19;-1,02;16,74;18,91;2,18;0,21;1,87;6,41;-0,83;1,72;-0,88;-0,34;4,99;0,39;0,61;0,34;13,75;;1.448.240.446,55
VIVA3;19,18;0,88;16,36;4,09;2,48;70,18;33,57;28,98;14,12;13,58;-0,54;-0,16;4,74;5,60;-7,34;3,00;24,98;15,14;22,53;0,61;0,39;0,52;;;35.618.201,70
VIVR3;1,33;;-0,28;-0,46;0,12;24,48;113,33;151,68;-0,38;-1,53;-1,16;;;-0,26;-0,20;0,45;164,24;-42,95;-265,92;-0,26;1,26;-0,28;;;722.459,30
VIVT3;46,82;5,85;16,45;1,11;0,72;49,70;16,33;10,91;10,99;12,18;1,10;0,11;1,79;40,07;-0,89;1,10;6,76;4,38;6,78;0,65;0,35;0,40;1,90;7,89;4.406.950,98
VIVT4;47,45;6,35;16,67;1,13;0,73;49,70;16,33;10,91;11,14;12,18;1,10;0,11;1,82;40,61;-0,90;1,10;6,76;4,38;6,78;0,65;0,35;0,40;1,90;7,89;134.561.844,08
VLID3;10,90;6,42;19,09;0,62;0,27;21,29;6,31;1,99;6,01;12,13;6,11;0,63;0,38;1,64;-0,47;1,67;3,23;1,43;4,81;0,44;0,56;0,72;4,16;-16,59;8.860.903,15
VSPT3;0,00;;0,00;0,00;0,00;11,36;10,08;5,55;0,00;-0,30;-0,30;-0,02;0,00;0,00;0,00;0,75;2,85;1,68;3,70;0,59;0,41;0,30;9,98;28,45;
VSPT4;0,00;;0,00;0,00;0,00;11,36;10,08;5,55;0,00;-0,30;-0,30;-0,02;0,00;0,00;0,00;0,75;2,85;1,68;3,70;0,59;0,41;0,30;9,98;28,45;
VULC3;4,17;;7,16;0,94;0,76;34,69;10,42;10,52;7,23;7,09;-0,13;-0,02;0,75;1,59;-1,83;5,32;13,16;10,56;12,20;0,80;0,20;1,00;7,08;;4.654.595,33
VVAR3;12,52;;-11,81;25,39;0,68;29,39;-3,69;-5,37;-17,21;-20,99;-3,78;5,58;0,63;-4,65;-1,36;0,77;-214,98;-5,76;-24,20;0,03;0,97;1,07;5,89;;1.098.144.998,75
WEGE3;41,85;0,98;49,39;8,89;5,06;29,68;14,15;12,59;43,93;43,71;-0,22;-0,04;6,22;15,55;-12,97;2,14;17,99;10,24;14,47;0,57;0,43;0,81;6,46;6,97;231.770.738,88
WHRL3;6,30;23,65;5,33;3,14;1,24;16,88;9,13;22,94;13,40;12,13;-1,47;-0,34;1,22;5,83;-5,46;1,38;58,84;23,27;9,01;0,40;0,60;1,01;-3,78;43,60;163.093,50
WHRL4;6,60;26,41;5,58;3,29;1,30;16,88;9,13;22,94;14,04;12,13;-1,47;-0,34;1,28;6,11;-5,72;1,38;58,84;23,27;9,01;0,40;0,60;1,01;-3,78;43,60;680.507,95
WIZS3;9,42;7,10;6,91;6,07;2,30;72,14;52,11;31,28;4,15;3,86;-0,29;-0,42;2,16;-17,68;-3,30;0,70;87,80;33,25;92,92;0,38;0,62;1,06;13,39;17,52;7.641.795,55
WLMM3;9,70;3,30;7,10;0,84;0,69;12,71;5,17;4,59;6,30;7,20;-0,60;-0,08;0,33;2,40;-1,10;4,16;11,84;9,66;10,95;0,82;0,18;2,10;16,88;66,05;5.437,53
WLMM4;13,93;2,52;10,19;1,21;0,98;12,71;5,17;4,59;9,05;7,20;-0,60;-0,08;0,47;3,44;-1,58;4,16;11,84;9,66;10,95;0,82;0,18;2,10;16,88;66,05;23.446,84
WSON33;29,50;3,86;33,63;0,92;0,39;44,15;17,95;3,85;7,22;14,03;6,82;0,87;1,30;6,79;-0,47;1,55;2,74;1,17;4,04;0,43;0,57;0,30;-0,97;2,21;1.717.716,33
YDUQ3;28,72;1,77;15,49;2,71;1,16;57,55;24,01;16,12;10,40;11,51;1,11;0,29;2,50;3,77;-2,06;3,41;17,50;7,51;12,43;0,43;0,57;0,47;3,99;7,97;114.210.620,50
