Date;Value
04/04/2011;100.0
06/04/2011;99.84
07/04/2011;99.66
08/04/2011;98.91
11/04/2011;98.35
12/04/2011;96.92
13/04/2011;97.65
14/04/2011;97.11
15/04/2011;96.17
18/04/2011;96.65
19/04/2011;96.55
20/04/2011;98.06
25/04/2011;98.59
26/04/2011;99.61
27/04/2011;98.9
28/04/2011;98.31
29/04/2011;99.62
02/05/2011;96.08
03/05/2011;94.64
04/05/2011;94.79
05/05/2011;95.83
06/05/2011;97.2
09/05/2011;97.77
09/05/2011;97.77
11/05/2011;98.03
12/05/2011;99.08
13/05/2011;97.58
13/05/2011;97.58
17/05/2011;98.13
18/05/2011;96.99
19/05/2011;97.38
20/05/2011;97.54
23/05/2011;97.31
24/05/2011;98.2
25/05/2011;97.61
26/05/2011;98.78
27/05/2011;98.85
30/05/2011;98.48
31/05/2011;98.54
01/06/2011;97.65
02/06/2011;97.21
03/06/2011;98.42
06/06/2011;97.73
07/06/2011;99.04
08/06/2011;98.75
09/06/2011;97.96
10/06/2011;97.21
13/06/2011;97.75
14/06/2011;98.31
15/06/2011;97.81
16/06/2011;95.79
17/06/2011;96.76
20/06/2011;97.18
21/06/2011;97.45
22/06/2011;97.2
24/06/2011;97.48
27/06/2011;97.12
28/06/2011;98.72
29/06/2011;98.88
30/06/2011;99.65
01/07/2011;100.36
04/07/2011;100.18
05/07/2011;100.41
06/07/2011;99.48
07/07/2011;97.83
08/07/2011;96.94
11/07/2011;95.22
12/07/2011;94.83
13/07/2011;95.97
14/07/2011;94.85
15/07/2011;94.68
18/07/2011;93.39
19/07/2011;93.48
20/07/2011;93.68
21/07/2011;94.42
22/07/2011;93.71
25/07/2011;93.56
26/07/2011;92.56
27/07/2011;91.59
28/07/2011;92.99
29/07/2011;91.76
01/08/2011;92.38
02/08/2011;91.2
03/08/2011;89.97
04/08/2011;88.48
05/08/2011;87.37
08/08/2011;85.55
09/08/2011;87.11
10/08/2011;86.44
11/08/2011;88.36
12/08/2011;87.78
15/08/2011;88.71
16/08/2011;88.48
17/08/2011;88.9
18/08/2011;88.96
19/08/2011;88.73
22/08/2011;88.61
23/08/2011;88.79
24/08/2011;89.4
25/08/2011;88.5
26/08/2011;88.9
29/08/2011;89.25
30/08/2011;89.06
31/08/2011;89.86
01/09/2011;90.04
02/09/2011;89.52
05/09/2011;87.82
06/09/2011;88.21
08/09/2011;89.0
09/09/2011;89.02
12/09/2011;88.79
13/09/2011;89.02
14/09/2011;89.02
15/09/2011;88.11
16/09/2011;88.67
19/09/2011;88.73
20/09/2011;88.61
21/09/2011;88.54
22/09/2011;87.3
23/09/2011;88.73
26/09/2011;88.25
27/09/2011;88.48
28/09/2011;88.27
29/09/2011;88.17
30/09/2011;88.36
03/10/2011;88.19
04/10/2011;88.34
05/10/2011;89.56
06/10/2011;89.77
07/10/2011;88.99
10/10/2011;92.69
11/10/2011;92.63
13/10/2011;93.51
14/10/2011;94.42
17/10/2011;93.1
18/10/2011;93.86
19/10/2011;95.36
20/10/2011;94.23
21/10/2011;96.23
24/10/2011;97.64
24/10/2011;97.43
24/10/2011;98.39
24/10/2011;99.84
28/10/2011;102.44
31/10/2011;101.39
01/11/2011;102.4
03/11/2011;102.87
04/11/2011;102.67
07/11/2011;102.4
08/11/2011;101.48
09/11/2011;100.82
09/11/2011;100.06
11/11/2011;100.87
14/11/2011;101.85
16/11/2011;102.43
17/11/2011;102.1
18/11/2011;100.94
21/11/2011;100.97
22/11/2011;99.81
23/11/2011;98.1
24/11/2011;98.17
25/11/2011;98.59
28/11/2011;99.75
29/11/2011;99.0
30/11/2011;102.59
01/12/2011;102.55
02/12/2011;103.83
05/12/2011;103.09
06/12/2011;102.88
07/12/2011;102.09
08/12/2011;102.12
09/12/2011;103.24
09/12/2011;103.16
13/12/2011;102.75
14/12/2011;103.31
15/12/2011;102.64
16/12/2011;103.87
19/12/2011;103.43
20/12/2011;104.34
21/12/2011;105.11
22/12/2011;105.88
23/12/2011;107.41
26/12/2011;107.42
27/12/2011;107.67
28/12/2011;106.95
29/12/2011;107.58
02/01/2012;106.31
03/01/2012;106.81
04/01/2012;107.61
05/01/2012;107.86
06/01/2012;107.29
09/01/2012;107.64
10/01/2012;107.86
11/01/2012;107.88
12/01/2012;107.58
13/01/2012;107.3
16/01/2012;108.74
16/01/2012;108.54
18/01/2012;109.79
19/01/2012;108.92
20/01/2012;109.31
23/01/2012;109.32
24/01/2012;109.59
26/01/2012;110.97
27/01/2012;111.06
30/01/2012;110.8
31/01/2012;111.29
01/02/2012;112.13
02/02/2012;112.14
03/02/2012;112.83
06/02/2012;112.37
07/02/2012;112.62
08/02/2012;113.08
09/02/2012;111.65
10/02/2012;111.48
13/02/2012;112.21
14/02/2012;112.81
15/02/2012;114.09
16/02/2012;114.57
17/02/2012;114.39
23/02/2012;115.36
24/02/2012;115.62
27/02/2012;115.45
28/02/2012;117.26
29/02/2012;118.53
01/03/2012;119.46
02/03/2012;120.17
05/03/2012;119.54
06/03/2012;117.96
07/03/2012;119.93
08/03/2012;121.09
09/03/2012;122.19
12/03/2012;121.9
13/03/2012;124.39
14/03/2012;122.66
15/03/2012;122.45
16/03/2012;120.58
19/03/2012;120.28
20/03/2012;121.39
21/03/2012;121.97
22/03/2012;121.59
23/03/2012;119.76
26/03/2012;121.07
27/03/2012;121.35
28/03/2012;121.13
29/03/2012;119.39
30/03/2012;119.25
02/04/2012;119.16
03/04/2012;119.31
04/04/2012;117.82
05/04/2012;118.52
09/04/2012;117.21
10/04/2012;117.52
11/04/2012;117.61
12/04/2012;118.66
13/04/2012;117.93
16/04/2012;117.84
17/04/2012;118.3
18/04/2012;119.01
19/04/2012;119.37
20/04/2012;119.13
23/04/2012;119.03
24/04/2012;120.11
25/04/2012;119.67
26/04/2012;119.93
27/04/2012;120.18
30/04/2012;119.93
02/05/2012;118.93
03/05/2012;118.21
04/05/2012;116.95
07/05/2012;117.02
08/05/2012;116.8
09/05/2012;117.1
10/05/2012;117.8
11/05/2012;117.46
14/05/2012;114.89
15/05/2012;113.31
16/05/2012;113.11
17/05/2012;109.97
18/05/2012;110.45
21/05/2012;111.28
22/05/2012;111.49
23/05/2012;110.97
24/05/2012;110.76
25/05/2012;111.43
28/05/2012;112.59
29/05/2012;112.29
30/05/2012;112.32
31/05/2012;113.32
01/06/2012;111.67
04/06/2012;111.72
05/06/2012;110.8
06/06/2012;112.37
08/06/2012;112.44
11/06/2012;112.82
12/06/2012;113.35
13/06/2012;113.13
14/06/2012;112.39
15/06/2012;113.24
18/06/2012;113.65
19/06/2012;115.66
20/06/2012;115.08
21/06/2012;113.9
22/06/2012;113.66
25/06/2012;112.56
26/06/2012;112.87
27/06/2012;112.89
28/06/2012;113.61
29/06/2012;114.84
02/07/2012;114.65
03/07/2012;114.84
04/07/2012;115.36
05/07/2012;115.98
06/07/2012;114.87
10/07/2012;113.85
11/07/2012;114.79
12/07/2012;113.56
13/07/2012;114.34
16/07/2012;113.96
17/07/2012;115.18
18/07/2012;114.81
19/07/2012;115.92
20/07/2012;114.79
23/07/2012;112.18
24/07/2012;113.05
25/07/2012;114.16
26/07/2012;115.02
27/07/2012;119.04
30/07/2012;120.49
31/07/2012;120.88
01/08/2012;120.22
02/08/2012;120.67
03/08/2012;122.29
06/08/2012;124.94
07/08/2012;124.29
08/08/2012;125.1
09/08/2012;123.89
10/08/2012;124.36
13/08/2012;124.6
14/08/2012;123.26
15/08/2012;123.64
16/08/2012;125.39
17/08/2012;126.36
20/08/2012;126.75
21/08/2012;126.41
22/08/2012;126.66
23/08/2012;124.84
24/08/2012;124.44
27/08/2012;124.1
28/08/2012;125.18
29/08/2012;125.25
30/08/2012;125.06
31/08/2012;124.62
03/09/2012;125.09
04/09/2012;124.49
05/09/2012;125.6
06/09/2012;126.68
10/09/2012;125.73
11/09/2012;124.83
12/09/2012;121.97
13/09/2012;123.56
14/09/2012;123.84
17/09/2012;123.45
18/09/2012;123.41
19/09/2012;123.93
20/09/2012;122.59
21/09/2012;122.54
24/09/2012;124.15
25/09/2012;121.91
26/09/2012;121.94
27/09/2012;121.7
28/09/2012;121.42
01/10/2012;122.73
02/10/2012;122.65
03/10/2012;120.59
04/10/2012;120.87
05/10/2012;121.59
08/10/2012;121.41
09/10/2012;120.42
10/10/2012;119.8
11/10/2012;121.17
15/10/2012;121.57
16/10/2012;122.1
17/10/2012;122.54
18/10/2012;121.46
19/10/2012;120.55
22/10/2012;120.22
23/10/2012;119.38
24/10/2012;118.6
25/10/2012;119.52
26/10/2012;118.87
29/10/2012;119.29
30/10/2012;119.43
31/10/2012;119.37
01/11/2012;122.49
05/11/2012;122.61
06/11/2012;123.41
07/11/2012;123.09
08/11/2012;121.04
09/11/2012;120.73
12/11/2012;119.47
13/11/2012;120.09
14/11/2012;119.86
16/11/2012;121.52
19/11/2012;122.31
21/11/2012;121.5
22/11/2012;121.68
23/11/2012;122.99
26/11/2012;122.87
27/11/2012;122.28
28/11/2012;122.33
29/11/2012;122.63
30/11/2012;123.64
03/12/2012;124.59
04/12/2012;124.14
05/12/2012;124.53
06/12/2012;124.32
07/12/2012;124.74
10/12/2012;125.8
11/12/2012;126.87
12/12/2012;129.13
13/12/2012;129.43
14/12/2012;129.22
17/12/2012;130.06
18/12/2012;130.99
19/12/2012;131.3
20/12/2012;131.3
21/12/2012;130.46
26/12/2012;130.05
27/12/2012;131.61
28/12/2012;133.01
02/01/2013;133.99
03/01/2013;133.38
04/01/2013;133.26
07/01/2013;133.09
08/01/2013;132.56
09/01/2013;133.66
10/01/2013;132.74
11/01/2013;133.33
14/01/2013;134.35
15/01/2013;134.53
16/01/2013;134.51
17/01/2013;134.44
18/01/2013;134.94
21/01/2013;136.01
22/01/2013;135.79
23/01/2013;137.12
24/01/2013;136.79
28/01/2013;135.51
29/01/2013;134.88
30/01/2013;134.02
31/01/2013;134.95
01/02/2013;136.6
04/02/2013;134.58
05/02/2013;134.13
06/02/2013;133.01
07/02/2013;132.45
08/02/2013;133.56
13/02/2013;133.09
14/02/2013;132.51
15/02/2013;133.58
18/02/2013;133.47
19/02/2013;133.99
20/02/2013;133.39
21/02/2013;133.11
22/02/2013;132.75
25/02/2013;134.12
26/02/2013;134.52
27/02/2013;134.3
28/02/2013;134.09
01/03/2013;134.74
04/03/2013;135.18
05/03/2013;135.27
06/03/2013;135.83
07/03/2013;136.33
08/03/2013;136.82
11/03/2013;137.38
12/03/2013;136.48
13/03/2013;136.58
14/03/2013;137.41
15/03/2013;137.83
18/03/2013;136.54
19/03/2013;135.78
20/03/2013;134.34
21/03/2013;133.9
22/03/2013;133.11
25/03/2013;134.03
26/03/2013;134.36
27/03/2013;135.56
28/03/2013;136.27
01/04/2013;137.91
02/04/2013;138.24
03/04/2013;139.24
04/04/2013;138.06
05/04/2013;137.14
08/04/2013;137.23
09/04/2013;138.52
10/04/2013;139.91
11/04/2013;139.78
12/04/2013;138.77
15/04/2013;137.73
16/04/2013;139.13
17/04/2013;137.15
18/04/2013;137.2
19/04/2013;137.52
22/04/2013;138.19
23/04/2013;138.88
24/04/2013;138.53
25/04/2013;138.31
26/04/2013;139.8
29/04/2013;137.42
30/04/2013;139.52
02/05/2013;139.86
03/05/2013;138.08
06/05/2013;137.32
07/05/2013;139.54
08/05/2013;138.71
09/05/2013;139.04
10/05/2013;137.79
13/05/2013;137.52
14/05/2013;138.1
15/05/2013;138.92
16/05/2013;139.42
17/05/2013;140.95
20/05/2013;141.76
21/05/2013;142.58
22/05/2013;143.56
23/05/2013;142.48
24/05/2013;140.89
27/05/2013;140.39
28/05/2013;140.56
29/05/2013;140.16
31/05/2013;141.84
03/06/2013;139.76
04/06/2013;138.99
05/06/2013;137.38
06/06/2013;137.93
07/06/2013;137.16
10/06/2013;136.66
11/06/2013;134.96
12/06/2013;133.45
13/06/2013;134.2
14/06/2013;131.8
17/06/2013;132.98
18/06/2013;132.65
19/06/2013;130.5
20/06/2013;128.71
21/06/2013;126.64
24/06/2013;125.67
25/06/2013;127.55
26/06/2013;128.4
27/06/2013;128.79
28/06/2013;130.35
01/07/2013;129.99
02/07/2013;130.02
03/07/2013;130.1
04/07/2013;130.22
05/07/2013;129.38
08/07/2013;129.41
10/07/2013;129.25
11/07/2013;131.4
12/07/2013;130.85
15/07/2013;131.48
16/07/2013;131.57
17/07/2013;131.65
18/07/2013;130.88
19/07/2013;131.03
22/07/2013;132.84
23/07/2013;132.71
24/07/2013;132.22
25/07/2013;132.21
26/07/2013;133.56
29/07/2013;131.64
30/07/2013;132.17
31/07/2013;130.68
01/08/2013;132.67
02/08/2013;132.82
05/08/2013;132.24
06/08/2013;131.14
07/08/2013;130.95
08/08/2013;130.93
09/08/2013;131.31
12/08/2013;131.78
13/08/2013;132.12
14/08/2013;132.04
15/08/2013;129.75
16/08/2013;129.25
19/08/2013;128.89
20/08/2013;127.83
21/08/2013;127.55
22/08/2013;126.4
23/08/2013;127.58
26/08/2013;128.14
27/08/2013;126.57
28/08/2013;126.47
29/08/2013;126.91
30/08/2013;127.61
02/09/2013;128.7
03/09/2013;127.65
04/09/2013;129.15
05/09/2013;129.86
06/09/2013;130.19
09/09/2013;131.7
10/09/2013;131.83
11/09/2013;132.29
12/09/2013;131.85
13/09/2013;132.04
16/09/2013;133.0
17/09/2013;132.91
18/09/2013;133.85
19/09/2013;133.11
20/09/2013;133.47
23/09/2013;134.9
24/09/2013;134.49
25/09/2013;134.54
26/09/2013;133.87
27/09/2013;135.25
30/09/2013;133.97
01/10/2013;134.56
02/10/2013;134.86
03/10/2013;135.13
04/10/2013;136.1
07/10/2013;136.44
08/10/2013;135.32
09/10/2013;136.3
10/10/2013;138.07
11/10/2013;137.88
14/10/2013;138.29
15/10/2013;138.94
16/10/2013;138.29
17/10/2013;138.06
18/10/2013;139.17
21/10/2013;138.83
22/10/2013;139.76
23/10/2013;138.61
24/10/2013;138.87
25/10/2013;138.46
28/10/2013;138.96
29/10/2013;138.7
30/10/2013;138.94
31/10/2013;139.11
01/11/2013;139.32
04/11/2013;140.36
05/11/2013;140.34
06/11/2013;138.79
07/11/2013;137.37
08/11/2013;137.53
11/11/2013;136.77
12/11/2013;136.55
13/11/2013;136.1
14/11/2013;137.91
18/11/2013;138.64
19/11/2013;137.64
21/11/2013;137.25
22/11/2013;137.2
25/11/2013;136.56
26/11/2013;136.46
27/11/2013;137.18
28/11/2013;136.93
29/11/2013;137.5
02/12/2013;135.07
03/12/2013;133.3
04/12/2013;132.97
05/12/2013;132.8
06/12/2013;134.14
09/12/2013;134.41
10/12/2013;134.87
11/12/2013;132.99
12/12/2013;131.77
13/12/2013;131.06
16/12/2013;130.86
17/12/2013;130.74
18/12/2013;130.59
19/12/2013;131.75
20/12/2013;133.23
23/12/2013;133.37
26/12/2013;133.1
27/12/2013;130.81
30/12/2013;132.57
02/01/2014;130.53
03/01/2014;130.03
06/01/2014;129.55
07/01/2014;128.33
08/01/2014;128.42
09/01/2014;124.82
10/01/2014;124.73
13/01/2014;123.64
14/01/2014;123.58
15/01/2014;124.03
16/01/2014;122.65
17/01/2014;121.78
20/01/2014;121.12
21/01/2014;120.66
22/01/2014;120.63
23/01/2014;118.72
24/01/2014;117.91
27/01/2014;117.88
28/01/2014;118.84
29/01/2014;117.16
30/01/2014;115.82
31/01/2014;116.08
03/02/2014;113.77
04/02/2014;115.48
05/02/2014;114.71
06/02/2014;116.16
07/02/2014;117.48
10/02/2014;115.88
11/02/2014;116.52
12/02/2014;116.02
13/02/2014;116.85
14/02/2014;115.96
17/02/2014;115.22
18/02/2014;113.53
19/02/2014;113.93
20/02/2014;113.26
21/02/2014;114.15
24/02/2014;115.52
25/02/2014;114.69
26/02/2014;114.69
27/02/2014;115.86
28/02/2014;115.49
05/03/2014;115.86
06/03/2014;116.9
07/03/2014;116.81
10/03/2014;115.69
11/03/2014;115.41
12/03/2014;114.38
13/03/2014;113.94
14/03/2014;113.54
17/03/2014;113.99
18/03/2014;115.25
19/03/2014;116.14
20/03/2014;117.07
21/03/2014;117.49
24/03/2014;118.32
25/03/2014;118.6
26/03/2014;118.95
27/03/2014;120.74
28/03/2014;121.69
31/03/2014;123.48
01/04/2014;122.56
02/04/2014;122.63
03/04/2014;122.16
04/04/2014;121.63
07/04/2014;123.35
08/04/2014;121.97
09/04/2014;121.15
10/04/2014;120.78
11/04/2014;120.95
14/04/2014;121.1
15/04/2014;120.05
16/04/2014;121.19
17/04/2014;123.25
22/04/2014;123.62
23/04/2014;122.42
24/04/2014;121.82
25/04/2014;121.52
28/04/2014;121.62
29/04/2014;122.34
30/04/2014;122.6
02/05/2014;123.92
05/05/2014;124.32
06/05/2014;126.54
07/05/2014;127.46
08/05/2014;126.28
09/05/2014;125.84
12/05/2014;126.8
13/05/2014;126.66
14/05/2014;129.02
15/05/2014;127.59
16/05/2014;128.68
19/05/2014;128.23
20/05/2014;127.49
21/05/2014;125.23
22/05/2014;126.54
23/05/2014;126.46
26/05/2014;126.79
27/05/2014;124.84
28/05/2014;125.79
29/05/2014;125.52
30/05/2014;123.79
02/06/2014;123.82
03/06/2014;124.69
04/06/2014;124.9
05/06/2014;123.39
06/06/2014;125.93
09/06/2014;128.07
10/06/2014;129.54
11/06/2014;130.51
13/06/2014;130.61
16/06/2014;130.27
17/06/2014;129.62
18/06/2014;131.7
20/06/2014;129.84
23/06/2014;128.52
24/06/2014;129.71
25/06/2014;128.43
26/06/2014;128.3
27/06/2014;126.47
30/06/2014;126.32
01/07/2014;126.86
02/07/2014;126.43
03/07/2014;128.14
04/07/2014;129.15
07/07/2014;129.13
08/07/2014;129.16
10/07/2014;131.53
11/07/2014;132.32
14/07/2014;134.12
15/07/2014;134.4
16/07/2014;133.09
17/07/2014;133.19
18/07/2014;136.51
21/07/2014;138.34
22/07/2014;139.06
23/07/2014;138.49
24/07/2014;139.17
25/07/2014;139.13
28/07/2014;138.77
29/07/2014;137.17
30/07/2014;135.94
31/07/2014;134.22
01/08/2014;135.51
04/08/2014;137.23
05/08/2014;137.49
06/08/2014;137.68
07/08/2014;137.55
08/08/2014;136.64
11/08/2014;138.19
12/08/2014;139.34
13/08/2014;138.55
14/08/2014;139.06
15/08/2014;141.21
18/08/2014;141.8
19/08/2014;142.74
20/08/2014;144.09
21/08/2014;145.01
22/08/2014;144.64
25/08/2014;146.5
26/08/2014;145.38
27/08/2014;150.38
28/08/2014;150.29
29/08/2014;152.27
01/09/2014;151.84
02/09/2014;153.56
03/09/2014;153.78
04/09/2014;152.61
05/09/2014;152.43
08/09/2014;149.4
09/09/2014;147.88
10/09/2014;146.59
11/09/2014;146.65
12/09/2014;144.6
15/09/2014;144.8
16/09/2014;146.35
17/09/2014;146.07
18/09/2014;145.19
19/09/2014;144.12
22/09/2014;140.3
23/09/2014;139.93
24/09/2014;140.42
25/09/2014;139.73
26/09/2014;141.2
29/09/2014;137.03
30/09/2014;134.55
01/10/2014;133.82
02/10/2014;133.43
03/10/2014;134.4
06/10/2014;139.99
07/10/2014;142.01
08/10/2014;141.89
09/10/2014;142.65
10/10/2014;139.28
13/10/2014;145.17
14/10/2014;146.27
15/10/2014;142.04
16/10/2014;139.34
17/10/2014;141.58
20/10/2014;138.68
21/10/2014;134.54
22/10/2014;133.61
23/10/2014;128.25
24/10/2014;131.34
27/10/2014;127.98
28/10/2014;132.47
29/10/2014;130.59
30/10/2014;133.66
31/10/2014;137.14
03/11/2014;136.22
04/11/2014;137.45
05/11/2014;135.49
06/11/2014;132.69
07/11/2014;134.29
10/11/2014;134.12
11/11/2014;133.99
12/11/2014;133.46
13/11/2014;131.77
14/11/2014;129.5
17/11/2014;130.18
18/11/2014;131.85
19/11/2014;134.52
21/11/2014;140.08
24/11/2014;138.02
25/11/2014;138.51
26/11/2014;138.57
27/11/2014;139.04
28/11/2014;137.86
01/12/2014;134.31
02/12/2014;134.76
03/12/2014;134.92
04/12/2014;133.04
05/12/2014;133.79
08/12/2014;131.12
09/12/2014;130.21
10/12/2014;128.59
11/12/2014;129.2
12/12/2014;128.57
15/12/2014;126.98
16/12/2014;125.89
17/12/2014;127.79
18/12/2014;127.32
19/12/2014;129.91
22/12/2014;130.45
23/12/2014;130.88
26/12/2014;131.4
29/12/2014;132.08
30/12/2014;132.55
02/01/2015;129.87
05/01/2015;129.73
06/01/2015;129.11
07/01/2015;131.91
08/01/2015;132.72
09/01/2015;129.91
12/01/2015;127.6
13/01/2015;128.16
14/01/2015;128.74
15/01/2015;128.72
16/01/2015;132.19
19/01/2015;127.7
20/01/2015;128.16
21/01/2015;130.18
22/01/2015;131.82
23/01/2015;129.73
26/01/2015;128.72
27/01/2015;128.69
28/01/2015;128.21
29/01/2015;128.77
30/01/2015;126.41
02/02/2015;128.37
03/02/2015;128.71
04/02/2015;128.95
05/02/2015;129.13
06/02/2015;127.35
09/02/2015;127.9
10/02/2015;126.61
11/02/2015;126.13
12/02/2015;130.05
13/02/2015;132.04
18/02/2015;132.82
19/02/2015;133.43
20/02/2015;132.87
23/02/2015;132.44
24/02/2015;133.21
25/02/2015;133.36
26/02/2015;135.33
27/02/2015;135.55
02/03/2015;134.47
03/03/2015;133.82
04/03/2015;131.54
05/03/2015;131.72
06/03/2015;131.53
09/03/2015;129.12
10/03/2015;128.48
11/03/2015;129.08
12/03/2015;130.7
13/03/2015;128.48
16/03/2015;129.11
17/03/2015;130.96
18/03/2015;134.9
19/03/2015;133.22
20/03/2015;137.52
23/03/2015;138.11
24/03/2015;138.2
25/03/2015;138.12
26/03/2015;134.91
27/03/2015;133.76
30/03/2015;137.87
31/03/2015;136.99
01/04/2015;141.51
02/04/2015;142.26
06/04/2015;144.79
07/04/2015;143.13
08/04/2015;142.64
09/04/2015;139.75
10/04/2015;141.85
13/04/2015;141.82
14/04/2015;140.8
15/04/2015;142.93
16/04/2015;142.99
17/04/2015;140.79
20/04/2015;141.71
22/04/2015;142.16
23/04/2015;144.06
24/04/2015;147.17
27/04/2015;143.96
28/04/2015;145.14
29/04/2015;143.74
30/04/2015;143.66
04/05/2015;145.66
05/05/2015;148.7
06/05/2015;146.85
07/05/2015;147.44
08/05/2015;147.2
11/05/2015;147.09
12/05/2015;145.49
13/05/2015;142.86
14/05/2015;142.39
15/05/2015;144.57
18/05/2015;142.31
19/05/2015;142.83
20/05/2015;142.16
21/05/2015;140.08
22/05/2015;138.52
25/05/2015;140.66
26/05/2015;137.03
27/05/2015;139.39
28/05/2015;137.22
29/05/2015;134.5
01/06/2015;136.01
02/06/2015;137.78
03/06/2015;136.47
05/06/2015;135.79
08/06/2015;134.53
09/06/2015;135.18
10/06/2015;137.57
11/06/2015;135.27
12/06/2015;135.1
15/06/2015;134.05
16/06/2015;135.25
17/06/2015;134.68
18/06/2015;137.26
19/06/2015;136.08
22/06/2015;136.83
23/06/2015;136.89
24/06/2015;135.21
25/06/2015;133.37
26/06/2015;135.82
29/06/2015;135.53
30/06/2015;136.51
01/07/2015;135.57
02/07/2015;136.2
03/07/2015;136.35
06/07/2015;135.83
07/07/2015;134.72
08/07/2015;133.16
10/07/2015;135.29
13/07/2015;135.59
14/07/2015;137.19
15/07/2015;136.27
16/07/2015;136.47
17/07/2015;133.55
20/07/2015;133.4
21/07/2015;132.12
22/07/2015;131.17
23/07/2015;129.24
24/07/2015;128.21
27/07/2015;127.68
28/07/2015;126.89
29/07/2015;128.34
30/07/2015;129.16
31/07/2015;131.41
03/08/2015;131.25
04/08/2015;130.58
05/08/2015;129.6
06/08/2015;127.47
07/08/2015;125.27
10/08/2015;126.02
11/08/2015;126.44
12/08/2015;124.04
13/08/2015;124.07
14/08/2015;122.69
17/08/2015;123.31
18/08/2015;122.63
19/08/2015;120.31
20/08/2015;120.05
21/08/2015;118.15
24/08/2015;115.41
25/08/2015;116.42
26/08/2015;118.53
27/08/2015;120.42
28/08/2015;118.61
31/08/2015;117.42
01/09/2015;115.9
02/09/2015;116.56
03/09/2015;119.74
04/09/2015;118.3
08/09/2015;119.93
09/09/2015;120.03
10/09/2015;120.33
11/09/2015;120.32
14/09/2015;122.63
15/09/2015;122.28
16/09/2015;123.9
17/09/2015;124.61
18/09/2015;122.98
21/09/2015;122.16
22/09/2015;121.87
23/09/2015;120.04
24/09/2015;120.56
25/09/2015;120.0
28/09/2015;119.32
29/09/2015;120.13
30/09/2015;122.2
01/10/2015;121.69
02/10/2015;120.89
05/10/2015;118.72
06/10/2015;121.22
07/10/2015;122.84
08/10/2015;122.18
09/10/2015;124.23
13/10/2015;121.43
14/10/2015;118.8
15/10/2015;120.94
16/10/2015;122.22
19/10/2015;122.24
20/10/2015;122.3
21/10/2015;122.05
22/10/2015;123.65
23/10/2015;123.75
26/10/2015;121.37
27/10/2015;122.11
28/10/2015;122.68
29/10/2015;119.24
30/10/2015;120.19
03/11/2015;124.41
04/11/2015;125.48
05/11/2015;126.17
06/11/2015;123.62
09/11/2015;123.61
10/11/2015;123.19
11/11/2015;125.79
12/11/2015;124.29
13/11/2015;123.88
16/11/2015;123.52
17/11/2015;123.87
18/11/2015;125.02
19/11/2015;125.83
23/11/2015;126.43
24/11/2015;126.08
25/11/2015;124.33
26/11/2015;125.5
27/11/2015;122.92
30/11/2015;120.46
01/12/2015;120.88
02/12/2015;120.34
03/12/2015;121.34
04/12/2015;119.77
07/12/2015;119.59
08/12/2015;118.25
09/12/2015;121.71
10/12/2015;121.13
11/12/2015;120.53
14/12/2015;118.22
15/12/2015;118.34
16/12/2015;118.11
17/12/2015;119.83
18/12/2015;116.5
21/12/2015;115.54
22/12/2015;115.74
23/12/2015;116.38
28/12/2015;116.81
29/12/2015;116.7
30/12/2015;116.11
04/01/2016;116.53
05/01/2016;117.13
06/01/2016;118.35
07/01/2016;115.0
08/01/2016;116.09
11/01/2016;115.3
12/01/2016;115.45
13/01/2016;114.7
14/01/2016;115.79
15/01/2016;114.44
18/01/2016;114.17
19/01/2016;114.09
20/01/2016;113.46
21/01/2016;112.02
22/01/2016;113.53
26/01/2016;112.39
27/01/2016;113.61
28/01/2016;114.04
29/01/2016;116.55
01/02/2016;118.43
02/02/2016;116.41
03/02/2016;117.73
04/02/2016;118.87
05/02/2016;120.02
10/02/2016;119.67
11/02/2016;118.05
12/02/2016;117.79
15/02/2016;118.68
16/02/2016;119.12
17/02/2016;119.77
18/02/2016;119.5
19/02/2016;119.35
22/02/2016;122.35
23/02/2016;121.68
24/02/2016;121.49
25/02/2016;122.41
26/02/2016;123.08
29/02/2016;124.7
01/03/2016;126.29
02/03/2016;127.72
03/03/2016;132.52
04/03/2016;135.85
07/03/2016;134.15
08/03/2016;133.72
09/03/2016;134.79
10/03/2016;137.93
11/03/2016;139.26
14/03/2016;137.82
15/03/2016;134.11
16/03/2016;134.94
17/03/2016;138.99
18/03/2016;139.89
21/03/2016;140.76
22/03/2016;140.42
23/03/2016;138.41
24/03/2016;137.82
28/03/2016;141.74
29/03/2016;143.24
30/03/2016;143.8
31/03/2016;142.74
01/04/2016;142.49
04/04/2016;141.05
05/04/2016;141.84
06/04/2016;139.51
07/04/2016;140.35
08/04/2016;145.94
11/04/2016;145.16
12/04/2016;146.28
13/04/2016;148.49
14/04/2016;148.72
15/04/2016;150.01
18/04/2016;148.11
19/04/2016;149.82
20/04/2016;149.04
22/04/2016;147.49
25/04/2016;146.47
26/04/2016;148.42
27/04/2016;151.74
28/04/2016;152.99
29/04/2016;151.81
02/05/2016;150.97
03/05/2016;149.65
04/05/2016;149.99
05/05/2016;150.15
06/05/2016;150.66
09/05/2016;152.41
10/05/2016;159.37
11/05/2016;158.53
12/05/2016;162.86
13/05/2016;161.28
16/05/2016;160.2
17/05/2016;157.35
18/05/2016;156.72
19/05/2016;158.55
20/05/2016;157.27
23/05/2016;156.41
24/05/2016;156.73
25/05/2016;156.75
27/05/2016;154.25
30/05/2016;154.69
31/05/2016;153.87
01/06/2016;155.88
02/06/2016;157.2
03/06/2016;158.82
06/06/2016;159.48
07/06/2016;160.06
08/06/2016;163.32
09/06/2016;163.93
10/06/2016;159.83
13/06/2016;160.38
14/06/2016;157.77
15/06/2016;159.87
16/06/2016;161.78
17/06/2016;160.57
20/06/2016;164.27
21/06/2016;163.65
22/06/2016;164.08
23/06/2016;167.52
24/06/2016;164.95
27/06/2016;164.81
28/06/2016;167.58
29/06/2016;169.62
30/06/2016;174.13
01/07/2016;173.45
04/07/2016;174.24
05/07/2016;174.25
06/07/2016;172.48
07/07/2016;173.35
08/07/2016;177.06
11/07/2016;182.04
12/07/2016;183.1
13/07/2016;185.73
14/07/2016;188.43
15/07/2016;188.07
18/07/2016;191.3
19/07/2016;192.11
20/07/2016;189.35
21/07/2016;189.41
22/07/2016;190.4
25/07/2016;189.95
26/07/2016;190.45
27/07/2016;188.36
28/07/2016;187.89
29/07/2016;189.86
01/08/2016;188.74
02/08/2016;187.17
03/08/2016;189.02
04/08/2016;191.07
05/08/2016;193.24
08/08/2016;189.29
09/08/2016;190.92
10/08/2016;189.8
11/08/2016;191.91
12/08/2016;191.87
15/08/2016;193.02
16/08/2016;193.86
17/08/2016;195.3
18/08/2016;193.79
19/08/2016;194.03
22/08/2016;192.2
23/08/2016;191.51
24/08/2016;191.73
25/08/2016;191.22
26/08/2016;190.73
29/08/2016;193.17
30/08/2016;193.26
31/08/2016;191.35
01/09/2016;191.91
02/09/2016;195.96
05/09/2016;195.65
06/09/2016;196.02
08/09/2016;194.24
09/09/2016;189.29
12/09/2016;189.98
13/09/2016;185.87
14/09/2016;185.49
15/09/2016;188.35
16/09/2016;184.3
19/09/2016;186.87
20/09/2016;188.35
21/09/2016;189.3
22/09/2016;189.82
23/09/2016;187.38
26/09/2016;186.74
27/09/2016;186.57
28/09/2016;188.36
29/09/2016;185.67
30/09/2016;185.93
03/10/2016;188.33
04/10/2016;188.23
05/10/2016;189.04
06/10/2016;188.98
07/10/2016;190.74
10/10/2016;191.18
11/10/2016;190.03
13/10/2016;190.68
14/10/2016;192.3
17/10/2016;193.45
18/10/2016;195.09
19/10/2016;195.36
20/10/2016;196.81
21/10/2016;197.14
24/10/2016;196.27
25/10/2016;194.6
26/10/2016;194.8
27/10/2016;195.45
28/10/2016;194.89
31/10/2016;197.11
01/11/2016;192.45
03/11/2016;189.43
04/11/2016;189.21
07/11/2016;193.25
08/11/2016;192.88
09/11/2016;190.43
10/11/2016;183.57
11/11/2016;176.22
14/11/2016;175.48
16/11/2016;180.42
17/11/2016;176.98
18/11/2016;177.85
21/11/2016;178.53
22/11/2016;178.66
23/11/2016;177.33
24/11/2016;177.83
25/11/2016;177.66
28/11/2016;179.76
29/11/2016;177.01
30/11/2016;178.73
01/12/2016;172.56
02/12/2016;172.3
05/12/2016;170.59
06/12/2016;172.51
07/12/2016;173.12
08/12/2016;174.34
09/12/2016;173.84
12/12/2016;171.27
13/12/2016;171.86
14/12/2016;169.82
15/12/2016;170.9
16/12/2016;171.76
19/12/2016;170.54
20/12/2016;169.94
21/12/2016;170.06
22/12/2016;171.54
23/12/2016;172.85
26/12/2016;173.86
27/12/2016;174.34
28/12/2016;176.31
29/12/2016;177.4
02/01/2017;176.83
03/01/2017;178.01
04/01/2017;180.41
05/01/2017;180.74
06/01/2017;179.68
09/01/2017;180.26
10/01/2017;179.2
11/01/2017;180.77
12/01/2017;186.73
13/01/2017;185.54
16/01/2017;185.79
17/01/2017;187.18
18/01/2017;186.42
19/01/2017;186.1
20/01/2017;187.36
23/01/2017;190.22
24/01/2017;190.03
26/01/2017;192.52
27/01/2017;192.44
30/01/2017;189.05
31/01/2017;191.77
01/02/2017;190.8
02/02/2017;192.29
03/02/2017;195.36
06/02/2017;193.63
07/02/2017;194.48
08/02/2017;195.55
09/02/2017;197.62
10/02/2017;198.16
13/02/2017;200.26
14/02/2017;199.58
15/02/2017;203.69
16/02/2017;203.16
17/02/2017;202.9
20/02/2017;203.14
21/02/2017;205.05
22/02/2017;205.5
23/02/2017;204.51
24/02/2017;201.16
01/03/2017;203.52
02/03/2017;202.16
03/03/2017;204.98
06/03/2017;206.61
07/03/2017;207.33
08/03/2017;203.24
09/03/2017;199.37
10/03/2017;201.13
13/03/2017;204.27
14/03/2017;202.35
15/03/2017;203.99
16/03/2017;202.35
17/03/2017;199.78
20/03/2017;198.52
21/03/2017;195.62
22/03/2017;198.0
23/03/2017;199.4
24/03/2017;198.21
27/03/2017;198.47
28/03/2017;199.55
29/03/2017;200.19
30/03/2017;200.83
31/03/2017;201.93
03/04/2017;201.64
04/04/2017;201.54
05/04/2017;200.37
06/04/2017;198.21
07/04/2017;198.74
10/04/2017;197.31
11/04/2017;197.17
12/04/2017;195.49
13/04/2017;193.45
17/04/2017;196.8
18/04/2017;197.41
19/04/2017;196.05
20/04/2017;196.35
24/04/2017;197.42
25/04/2017;198.14
26/04/2017;197.26
27/04/2017;195.76
28/04/2017;197.9
02/05/2017;201.68
03/05/2017;201.27
04/05/2017;198.32
05/05/2017;198.91
08/05/2017;198.9
09/05/2017;202.09
10/05/2017;204.62
11/05/2017;206.49
12/05/2017;208.55
15/05/2017;208.64
16/05/2017;211.35
17/05/2017;209.2
18/05/2017;192.98
19/05/2017;198.4
22/05/2017;194.67
23/05/2017;196.99
24/05/2017;199.73
25/05/2017;199.73
26/05/2017;201.4
29/05/2017;201.4
30/05/2017;201.63
31/05/2017;200.25
01/06/2017;199.14
02/06/2017;199.57
05/06/2017;198.41
06/06/2017;199.1
07/06/2017;200.2
08/06/2017;197.3
09/06/2017;196.34
12/06/2017;195.82
13/06/2017;196.77
14/06/2017;197.71
15/06/2017;197.71
16/06/2017;199.23
19/06/2017;199.12
20/06/2017;196.6
21/06/2017;196.53
22/06/2017;196.11
23/06/2017;196.1
26/06/2017;198.37
27/06/2017;197.32
28/06/2017;197.54
29/06/2017;198.39
30/06/2017;199.57
03/07/2017;200.43
04/07/2017;200.47
05/07/2017;200.14
06/07/2017;199.81
07/07/2017;199.39
10/07/2017;201.53
11/07/2017;202.68
12/07/2017;204.96
13/07/2017;206.77
14/07/2017;206.52
17/07/2017;207.03
18/07/2017;208.38
19/07/2017;207.72
20/07/2017;207.35
21/07/2017;207.08
24/07/2017;207.76
25/07/2017;207.87
26/07/2017;206.72
27/07/2017;207.29
28/07/2017;207.38
31/07/2017;208.18
01/08/2017;209.5
02/08/2017;211.29
03/08/2017;211.09
04/08/2017;211.13
07/08/2017;212.56
08/08/2017;211.75
09/08/2017;211.65
10/08/2017;210.2
11/08/2017;211.66
14/08/2017;214.25
15/08/2017;215.0
16/08/2017;213.98
17/08/2017;212.35
18/08/2017;214.27
21/08/2017;214.52
22/08/2017;217.74
23/08/2017;218.53
24/08/2017;219.65
25/08/2017;219.69
28/08/2017;219.37
29/08/2017;219.49
30/08/2017;218.39
31/08/2017;218.24
01/09/2017;219.62
04/09/2017;220.21
05/09/2017;219.81
06/09/2017;221.08
07/09/2017;221.08
08/09/2017;222.93
11/09/2017;225.44
12/09/2017;225.59
13/09/2017;226.56
14/09/2017;226.36
15/09/2017;228.35
18/09/2017;228.86
19/09/2017;228.06
20/09/2017;227.05
21/09/2017;226.74
22/09/2017;226.23
25/09/2017;223.32
26/09/2017;223.11
27/09/2017;221.52
28/09/2017;220.6
29/09/2017;223.08
02/10/2017;223.35
03/10/2017;223.41
04/10/2017;223.83
05/10/2017;225.9
06/10/2017;224.34
09/10/2017;223.56
10/10/2017;225.97
11/10/2017;224.92
12/10/2017;224.92
13/10/2017;226.1
16/10/2017;225.29
17/10/2017;223.3
18/10/2017;224.27
19/10/2017;223.99
20/10/2017;224.02
23/10/2017;220.6
24/10/2017;220.16
25/10/2017;219.69
26/10/2017;218.53
27/10/2017;219.75
30/10/2017;216.59
31/10/2017;216.52
01/11/2017;217.14
02/11/2017;217.14
03/11/2017;217.7
06/11/2017;217.14
07/11/2017;213.21
08/11/2017;216.81
09/11/2017;215.12
10/11/2017;214.46
13/11/2017;213.65
14/11/2017;211.09
15/11/2017;211.09
16/11/2017;214.33
17/11/2017;215.69
20/11/2017;215.69
21/11/2017;217.46
22/11/2017;217.76
23/11/2017;218.89
24/11/2017;217.02
27/11/2017;215.4
28/11/2017;214.78
29/11/2017;212.86
30/11/2017;210.74
01/12/2017;211.06
04/12/2017;212.03
05/12/2017;211.51
06/12/2017;211.12
07/12/2017;209.84
08/12/2017;209.8
11/12/2017;210.23
12/12/2017;210.67
13/12/2017;210.38
14/12/2017;209.42
15/12/2017;211.81
18/12/2017;212.23
19/12/2017;210.84
20/12/2017;211.8
21/12/2017;213.74
22/12/2017;214.55
25/12/2017;214.55
26/12/2017;215.76
27/12/2017;216.77
28/12/2017;218.28
29/12/2017;218.28
02/01/2018;221.43
03/01/2018;221.14
04/01/2018;220.46
05/01/2018;221.44
08/01/2018;222.23
09/01/2018;221.91
10/01/2018;220.48
11/01/2018;221.27
12/01/2018;221.75
15/01/2018;222.41
16/01/2018;221.31
17/01/2018;222.57
18/01/2018;224.39
19/01/2018;225.31
22/01/2018;226.33
23/01/2018;224.27
24/01/2018;229.08
25/01/2018;229.08
26/01/2018;231.89
29/01/2018;230.97
30/01/2018;229.83
31/01/2018;231.17
01/02/2018;231.89
02/02/2018;230.03
05/02/2018;225.93
06/02/2018;226.63
07/02/2018;226.49
08/02/2018;222.53
09/02/2018;220.55
15/02/2018;225.52
16/02/2018;225.98
19/02/2018;227.12
20/02/2018;231.57
21/02/2018;231.82
22/02/2018;231.92
23/02/2018;235.1
26/02/2018;235.79
27/02/2018;235.16
28/02/2018;232.19
01/03/2018;231.96
02/03/2018;233.98
05/03/2018;234.01
06/03/2018;230.79
07/03/2018;231.09
08/03/2018;232.55
09/03/2018;233.72
12/03/2018;235.22
13/03/2018;233.5
14/03/2018;232.52
15/03/2018;232.83
16/03/2018;232.13
19/03/2018;231.16
20/03/2018;232.49
21/03/2018;231.79
22/03/2018;231.05
23/03/2018;229.84
26/03/2018;230.49
27/03/2018;228.8
28/03/2018;228.11
29/03/2018;229.95
02/04/2018;228.71
03/04/2018;229.91
04/04/2018;231.1
05/04/2018;232.58
06/04/2018;231.89
09/04/2018;230.18
10/04/2018;231.6
11/04/2018;230.27
12/04/2018;232.65
13/04/2018;229.57
16/04/2018;226.98
17/04/2018;230.11
18/04/2018;230.44
19/04/2018;229.8
20/04/2018;228.78
23/04/2018;227.94
24/04/2018;228.21
25/04/2018;228.1
26/04/2018;232.53
27/04/2018;232.5
30/04/2018;232.27
02/05/2018;228.48
03/05/2018;224.59
04/05/2018;221.1
07/05/2018;220.68
08/05/2018;220.27
09/05/2018;219.78
10/05/2018;223.17
11/05/2018;225.43
14/05/2018;219.14
15/05/2018;217.82
16/05/2018;220.2
17/05/2018;216.5
18/05/2018;217.43
21/05/2018;218.16
22/05/2018;219.56
23/05/2018;220.07
24/05/2018;219.05
25/05/2018;218.21
28/05/2018;213.73
29/05/2018;212.7
30/05/2018;215.71
01/06/2018;216.19
04/06/2018;217.46
05/06/2018;215.23
06/06/2018;213.57
07/06/2018;210.79
08/06/2018;211.42
11/06/2018;209.75
12/06/2018;210.89
13/06/2018;210.84
14/06/2018;209.28
15/06/2018;209.67
18/06/2018;207.54
19/06/2018;209.02
20/06/2018;209.73
21/06/2018;208.27
22/06/2018;209.07
25/06/2018;210.1
26/06/2018;212.11
27/06/2018;209.71
28/06/2018;210.37
29/06/2018;210.86
02/07/2018;211.03
03/07/2018;212.0
04/07/2018;214.75
05/07/2018;212.99
06/07/2018;213.05
10/07/2018;211.84
11/07/2018;210.76
12/07/2018;211.7
13/07/2018;212.96
16/07/2018;213.01
17/07/2018;214.73
18/07/2018;215.29
19/07/2018;216.22
20/07/2018;219.67
23/07/2018;218.54
24/07/2018;219.25
25/07/2018;220.49
26/07/2018;219.98
27/07/2018;220.46
30/07/2018;219.69
31/07/2018;218.5
01/08/2018;218.72
02/08/2018;220.55
03/08/2018;220.77
06/08/2018;220.76
07/08/2018;219.34
08/08/2018;217.7
09/08/2018;215.97
10/08/2018;211.64
13/08/2018;214.64
14/08/2018;217.95
15/08/2018;217.34
16/08/2018;218.88
17/08/2018;217.79
20/08/2018;217.68
21/08/2018;212.64
22/08/2018;215.47
23/08/2018;212.11
24/08/2018;212.51
27/08/2018;216.14
28/08/2018;216.41
29/08/2018;217.67
30/08/2018;214.99
31/08/2018;216.51
03/09/2018;217.09
04/09/2018;217.53
05/09/2018;217.83
06/09/2018;219.14
10/09/2018;219.66
11/09/2018;217.19
12/09/2018;215.67
13/09/2018;216.05
14/09/2018;215.3
17/09/2018;219.06
18/09/2018;219.43
19/09/2018;217.25
20/09/2018;219.18
21/09/2018;221.23
24/09/2018;218.08
25/09/2018;216.85
26/09/2018;216.04
27/09/2018;217.38
28/09/2018;217.56
01/10/2018;215.83
02/10/2018;218.24
03/10/2018;217.34
04/10/2018;218.41
05/10/2018;218.49
08/10/2018;224.04
09/10/2018;224.45
10/10/2018;222.43
11/10/2018;220.87
15/10/2018;220.39
16/10/2018;222.14
17/10/2018;225.28
18/10/2018;224.83
19/10/2018;227.24
22/10/2018;231.12
23/10/2018;231.91
24/10/2018;229.72
25/10/2018;231.11
26/10/2018;232.42
29/10/2018;230.54
30/10/2018;236.0
31/10/2018;236.26
01/11/2018;238.4
05/11/2018;241.34
06/11/2018;241.92
07/11/2018;240.0
08/11/2018;236.75
09/11/2018;238.3
12/11/2018;239.11
13/11/2018;238.23
14/11/2018;239.38
16/11/2018;242.81
19/11/2018;239.24
21/11/2018;237.82
22/11/2018;240.78
23/11/2018;238.8
26/11/2018;237.1
27/11/2018;242.44
28/11/2018;243.95
29/11/2018;246.02
30/11/2018;246.19
03/12/2018;248.94
04/12/2018;247.06
05/12/2018;247.56
06/12/2018;247.09
07/12/2018;246.5
10/12/2018;244.04
11/12/2018;245.41
12/12/2018;247.26
13/12/2018;247.55
14/12/2018;247.37
17/12/2018;243.81
18/12/2018;245.6
19/12/2018;243.71
20/12/2018;243.86
21/12/2018;241.96
26/12/2018;241.22
27/12/2018;242.61
28/12/2018;246.52
02/01/2019;252.82
03/01/2019;252.66
04/01/2019;252.26
07/01/2019;251.38
08/01/2019;251.72
09/01/2019;254.53
10/01/2019;255.23
11/01/2019;258.52
14/01/2019;260.74
15/01/2019;261.05
16/01/2019;261.29
17/01/2019;264.67
18/01/2019;266.36
21/01/2019;268.32
22/01/2019;268.14
23/01/2019;270.92
24/01/2019;274.15
28/01/2019;276.35
29/01/2019;275.46
30/01/2019;276.82
31/01/2019;275.76
01/02/2019;277.08
04/02/2019;279.48
05/02/2019;280.76
06/02/2019;274.75
07/02/2019;274.29
08/02/2019;275.31
11/02/2019;273.72
12/02/2019;275.72
13/02/2019;276.97
14/02/2019;278.61
15/02/2019;278.27
18/02/2019;276.79
19/02/2019;278.0
20/02/2019;274.55
21/02/2019;272.3
22/02/2019;271.42
25/02/2019;271.65
26/02/2019;270.59
27/02/2019;274.32
28/02/2019;271.29
01/03/2019;270.0
07/03/2019;266.09
08/03/2019;269.49
11/03/2019;271.35
12/03/2019;272.52
13/03/2019;275.28
14/03/2019;274.51
15/03/2019;276.5
18/03/2019;277.01
19/03/2019;275.96
20/03/2019;273.52
21/03/2019;272.05
22/03/2019;267.68
25/03/2019;269.07
26/03/2019;269.98
27/03/2019;264.35
28/03/2019;268.96
29/03/2019;269.57
01/04/2019;270.98
02/04/2019;271.9
03/04/2019;268.77
04/04/2019;270.65
05/04/2019;271.01
08/04/2019;272.2
09/04/2019;269.89
10/04/2019;268.67
11/04/2019;266.05
12/04/2019;262.99
15/04/2019;264.08
16/04/2019;265.27
17/04/2019;264.0
18/04/2019;267.72
22/04/2019;267.35
23/04/2019;270.04
24/04/2019;268.54
25/04/2019;270.75
26/04/2019;271.0
29/04/2019;272.02
30/04/2019;271.52
02/05/2019;271.63
03/05/2019;271.28
06/05/2019;270.56
07/05/2019;270.39
08/05/2019;273.09
09/05/2019;273.12
10/05/2019;274.34
13/05/2019;269.92
14/05/2019;269.71
15/05/2019;270.22
16/05/2019;267.62
17/05/2019;266.78
20/05/2019;272.8
21/05/2019;279.07
22/05/2019;279.17
23/05/2019;278.36
24/05/2019;277.7
27/05/2019;279.43
28/05/2019;282.71
29/05/2019;282.65
30/05/2019;285.13
31/05/2019;289.99
03/06/2019;291.4
04/06/2019;292.08
05/06/2019;290.2
06/06/2019;292.51
07/06/2019;289.92
10/06/2019;289.92
11/06/2019;289.45
12/06/2019;288.7
13/06/2019;288.9
14/06/2019;289.11
17/06/2019;286.7
18/06/2019;288.35
19/06/2019;291.89
21/06/2019;294.46
24/06/2019;295.39
25/06/2019;291.47
26/06/2019;294.64
27/06/2019;295.69
28/06/2019;295.04
01/07/2019;293.33
02/07/2019;293.91
03/07/2019;295.41
04/07/2019;299.82
05/07/2019;300.61
08/07/2019;302.44
10/07/2019;305.68
11/07/2019;304.79
12/07/2019;306.44
15/07/2019;304.6
16/07/2019;302.33
17/07/2019;303.51
18/07/2019;306.04
19/07/2019;303.81
22/07/2019;306.01
23/07/2019;304.03
24/07/2019;305.3
25/07/2019;302.55
26/07/2019;303.41
29/07/2019;307.6
30/07/2019;307.81
31/07/2019;304.25
01/08/2019;304.05
02/08/2019;303.05
05/08/2019;299.56
06/08/2019;304.71
07/08/2019;304.43
08/08/2019;308.11
09/08/2019;320.56
12/08/2019;315.67
13/08/2019;316.24
14/08/2019;311.04
15/08/2019;306.77
16/08/2019;308.66
19/08/2019;307.84
20/08/2019;306.34
21/08/2019;309.59
22/08/2019;308.87
23/08/2019;305.41
26/08/2019;302.26
27/08/2019;302.67
28/08/2019;303.15
29/08/2019;307.38
30/08/2019;309.85
02/09/2019;310.09
03/09/2019;309.41
04/09/2019;312.23
05/09/2019;313.8
06/09/2019;313.92
09/09/2019;312.22
10/09/2019;311.77
11/09/2019;314.03
12/09/2019;315.26
13/09/2019;314.71
16/09/2019;313.76
17/09/2019;315.02
18/09/2019;316.79
19/09/2019;315.74
20/09/2019;315.77
23/09/2019;314.21
24/09/2019;312.7
25/09/2019;312.82
26/09/2019;313.7
27/09/2019;312.52
30/09/2019;312.96
01/10/2019;312.28
02/10/2019;311.53
03/10/2019;312.0
04/10/2019;313.23
07/10/2019;307.05
08/10/2019;305.21
09/10/2019;306.64
10/10/2019;308.29
11/10/2019;311.95
14/10/2019;311.48
15/10/2019;309.64
16/10/2019;311.54
17/10/2019;311.87
18/10/2019;311.33
21/10/2019;314.75
22/10/2019;317.67
23/10/2019;316.46
24/10/2019;313.15
25/10/2019;313.53
28/10/2019;314.63
29/10/2019;313.51
30/10/2019;316.24
31/10/2019;315.47
01/11/2019;317.94
04/11/2019;320.17
05/11/2019;320.36
06/11/2019;320.43
07/11/2019;323.04
08/11/2019;319.59
11/11/2019;321.86
12/11/2019;320.51
13/11/2019;320.34
14/11/2019;322.04
18/11/2019;322.09
19/11/2019;321.02
21/11/2019;324.92
22/11/2019;326.98
25/11/2019;326.39
26/11/2019;325.61
27/11/2019;328.67
28/11/2019;330.21
29/11/2019;331.25
02/12/2019;331.22
03/12/2019;334.18
04/12/2019;335.09
05/12/2019;337.45
06/12/2019;336.39
09/12/2019;338.54
10/12/2019;338.48
11/12/2019;342.01
12/12/2019;345.43
13/12/2019;348.39
16/12/2019;350.47
17/12/2019;353.6
18/12/2019;360.79
19/12/2019;363.19
20/12/2019;363.82
23/12/2019;369.46
26/12/2019;376.98
27/12/2019;380.12
